seed,neuron,dead,frequency,single_fve,sum_fve,sum_fve_at_frequency,phase_at_frequency
0,0,0,5,0.9742073489,0.1754525878,0.1750921591,-0.2583592406
0,1,0,50,0.9755287343,0.1087298236,0.1082785023,0.1304699759
0,2,0,24,0.9641180132,0.165891857,0.1656414965,2.601914305
0,3,0,17,0.9714459841,0.08425893691,0.08226854073,2.82401766
0,4,0,24,0.9350607655,0.362168934,0.3472662016,0.2205255113
0,5,0,24,0.7485207961,0.4288636824,0.2952730785,0.1401949122
0,6,0,24,0.9808170019,0.1281611762,0.1280162856,-1.579174322
0,7,0,5,0.9784313603,0.1772412691,0.1770907343,2.173545854
0,8,0,50,0.9700626783,0.1795231944,0.1784425684,-1.281288893
0,9,0,17,0.9735023397,0.08643631012,0.08433923421,-0.2394953941
0,10,0,5,0.9696613057,0.1343487445,0.1339653935,-0.9575026098
0,11,0,50,0.972316972,0.1728076051,0.1720021907,-1.13157709
0,12,0,24,0.8779559438,0.3650376664,0.3271839047,0.14176767
0,13,0,50,0.9560162334,0.2162467661,0.2151387967,-2.53873481
0,14,0,24,0.4296382102,0.5119721087,0.1767736922,0.1387564866
0,15,0,50,0.7161453371,0.5347173543,0.5264874655,1.660331584
0,16,0,50,0.9654348867,0.1685533119,0.1683857416,-2.187566217
0,17,0,5,0.9694422761,0.1176228795,0.1174102919,-1.451504826
0,18,0,5,0.9647454895,0.1673402923,0.1666920799,2.01756554
0,19,0,50,0.549387866,0.3994063375,0.2845023792,1.102379575
0,20,0,50,0.9660206528,0.1916489664,0.1909682646,-1.403218277
0,21,0,50,0.9641076996,0.1901540047,0.1898877818,-3.052982634
0,22,0,24,0.352320993,0.3821231128,0.133700733,-2.819365225
0,23,0,24,0.9510334636,0.167916526,0.1676630209,-1.785278507
0,24,0,17,0.9719005218,0.08659999072,0.08449031149,0.001666236626
0,25,0,24,0.4275466363,0.3901143444,0.1785970684,-3.102987674
0,26,0,24,0.9461810674,0.2103253768,0.2100132205,-3.028987486
0,27,0,17,0.9735035632,0.08764013019,0.08555193076,-1.36654115
0,28,0,50,0.3717807013,0.4773629002,0.2181760382,0.1167260683
0,29,0,50,0.9692859773,0.1807783396,0.1805102379,2.763594761
0,30,0,5,0.969644962,0.1833756092,0.1827295235,1.718727513
0,31,0,50,0.95933091,0.2034462935,0.2028280185,-2.608851983
0,32,0,5,0.9729896901,0.1734198811,0.1731120377,1.807620428
0,33,0,17,0.9737464192,0.08728453445,0.08523000721,-1.507200988
0,34,0,24,0.820734131,0.4099870274,0.3246243605,0.1776111802
0,35,0,24,0.9807622319,0.128850376,0.128717881,-1.596771074
0,36,0,5,0.9637486709,0.1677365578,0.1669762518,1.985576968
0,37,0,50,0.7180075224,0.4995040949,0.4787854027,1.518524179
0,38,0,50,0.9802031444,0.1401074945,0.1400567508,-0.5019660761
0,39,0,50,0.9704583801,0.1747111415,0.1745749077,-1.101368227
0,40,0,5,0.6201618023,0.409778502,0.2851199808,-2.333679405
0,41,0,17,0.9725239534,0.08723650671,0.0851212286,-1.028950573
0,42,0,50,0.5720012437,0.4289147025,0.3210281951,1.21983912
0,43,0,17,0.973437679,0.08409385638,0.08206706456,2.376391482
0,44,0,17,0.973714576,0.08787312673,0.08571403449,-2.227994088
0,45,0,17,0.9724430274,0.08600820957,0.08385372749,-0.7030900406
0,46,0,17,0.9728346111,0.08643359531,0.08466291895,1.266958981
0,47,0,5,0.9654625274,0.1656711615,0.1652557962,-0.1490804394
0,48,0,50,0.9655030165,0.194264479,0.192744151,-1.422793587
0,49,0,50,0.70705199,0.4371600127,0.3910047068,0.2679253912
0,50,0,17,0.973020373,0.08334672981,0.08155245794,1.97025103
0,51,0,5,0.5710662071,0.4170468292,0.26190397,-2.371357337
0,52,0,5,0.9613099646,0.1757956949,0.1754534078,0.374457541
0,53,0,5,0.4806767133,0.4469787636,0.2552240392,-2.821450562
0,54,0,5,0.5379941639,0.4571080369,0.2556760641,-2.026982531
0,55,0,5,0.6235489273,0.4707772403,0.3699477043,-3.005715209
0,56,0,5,0.9680142731,0.1052147023,0.1049462299,-2.77631775
0,57,0,24,0.941441118,0.3570784565,0.3458357226,0.1798106167
0,58,0,50,0.4265742724,0.3941661948,0.2202043549,1.063832421
0,59,0,17,0.9709126736,0.07845138852,0.07679244413,-0.839004272
0,60,0,17,0.9727618745,0.08596033046,0.08391906774,1.771514193
0,61,0,24,0.9801971026,0.1230694827,0.1229710025,1.897232718
0,62,0,17,0.973474523,0.09007914316,0.08777156933,0.7180481527
0,63,0,24,0.9737051558,0.1636896886,0.1634910677,-2.073129507
0,64,0,50,0.9670744625,0.1901376333,0.1886986383,-1.378743052
0,65,0,17,0.9740322655,0.09086893369,0.08844252585,-2.80001027
0,66,0,5,0.5311328543,0.4085374057,0.2625892896,-1.910597798
0,67,0,50,0.9650681779,0.1682776633,0.1681851835,-2.039415372
0,68,0,5,0.9854283633,0.1308332844,0.1306487093,2.908289528
0,69,0,17,0.9713298131,0.0851306824,0.08292539166,0.9874199832
0,70,0,24,0.9770455988,0.1529609517,0.1527718116,-1.926598173
0,71,0,5,0.961536442,0.1799013928,0.1795115529,0.7155064165
0,72,0,17,0.9713285105,0.08512288978,0.08291818335,0.987358501
0,73,0,17,0.9727498176,0.08582931818,0.08372229105,0.6020182068
0,74,0,17,0.972075448,0.087107885,0.08500902522,1.45975508
0,75,0,17,0.9716362803,0.08569038507,0.08358771115,0.4552549967
0,76,0,50,0.9778011353,0.1243520028,0.1239087448,1.636129437
0,77,0,17,0.9713502048,0.08159509086,0.07984198926,3.124061586
0,78,0,17,0.9736392111,0.08798334582,0.08584121805,-1.464841154
0,79,0,50,0.9728610646,0.1722911016,0.1715573296,-1.118559785
0,80,0,24,0.4717996344,0.4187813099,0.1975487296,0.1724481962
0,81,0,5,0.9852752904,0.1231549595,0.1228429419,-1.427451956
0,82,0,24,0.4620893067,0.4736102472,0.1970211847,0.1283064106
0,83,0,17,0.972534243,0.08076083487,0.07933695067,-2.559012907
0,84,0,24,0.7199988109,0.4439801136,0.2873438505,0.1506361868
0,85,0,17,0.9726780883,0.08591228047,0.08369152062,-1.045280236
0,86,0,50,0.3448782156,0.5023699185,0.243624552,1.607788969
0,87,0,50,0.9628839565,0.1949745639,0.1940910435,-2.324444257
0,88,0,5,0.9711132658,0.1355317189,0.1354258608,2.64053866
0,89,0,24,0.9368317827,0.3667844243,0.3563207119,0.1294958877
0,90,0,50,0.6308165668,0.4299510198,0.3632936883,0.1547340778
0,91,0,24,0.9545708469,0.1353458284,0.1349747761,-1.393836072
0,92,0,17,0.9725888984,0.07916305826,0.07751123505,-0.3729430189
0,93,0,24,0.68197197,0.4044446676,0.27944143,0.1275843468
0,94,0,24,0.4678153819,0.4003560201,0.2012999891,-0.07235726906
0,95,0,5,0.5560730243,0.5194208706,0.4496222349,-1.206178532
0,96,0,17,0.9730298178,0.08559774456,0.08349551055,-1.093431334
0,97,0,5,0.9659107051,0.187686424,0.1870731066,1.63642099
0,98,0,17,0.9731211938,0.08333592708,0.08156421978,2.00857552
0,99,0,50,0.4470374686,0.5830441818,0.4368250359,-0.6959655736
0,100,0,50,0.7131611685,0.5108174533,0.5013815097,1.596157794
0,101,0,17,0.9732183358,0.08866923541,0.08647080538,-1.627900801
0,102,0,50,0.9566706631,0.2114368771,0.2106615037,-2.150883775
0,103,0,50,0.9656257225,0.1951215309,0.1942129875,-1.375833289
0,104,0,5,0.9700921337,0.1952249096,0.1946015565,1.993412821
0,105,0,5,0.5672182702,0.3693898056,0.2709286325,-2.49638905
0,106,0,50,0.9645615351,0.1874845185,0.1867207968,-2.631447056
0,107,0,5,0.9703038376,0.1179021179,0.1177074294,-1.434606938
0,108,0,50,0.5048681092,0.4542631814,0.3241387469,-0.01915000711
0,109,0,50,0.9658096568,0.1939228577,0.1931069861,2.899615116
0,110,0,24,0.9470846081,0.2032394161,0.2030586159,-2.796021076
0,111,0,50,0.964781138,0.1940813749,0.1930631082,3.009324905
0,112,0,50,0.6846363162,0.5668157886,0.5437954596,-0.3072520614
0,113,0,24,0.9482095961,0.09452003813,0.09376168586,0.6237655092
0,114,0,24,0.9793857498,0.133097266,0.132950363,2.071636573
0,115,0,24,0.6367247722,0.4273490991,0.248988155,0.2286310323
0,116,0,24,0.7137417355,0.4059543881,0.3098671034,0.01864719711
0,117,0,5,0.279568891,0.5326603341,0.1734473036,-1.577896568
0,118,0,5,0.9815394624,0.1618737604,0.1618245204,-0.7242651993
0,119,0,24,0.9754130159,0.1091910098,0.1091393793,1.052997349
0,120,0,24,0.5125027617,0.4085153693,0.2199296405,0.1062761642
0,121,0,5,0.3205107005,0.4000299514,0.1883086644,-1.637441163
0,122,0,24,0.8700688248,0.3784229392,0.3313066046,0.1655043224
0,123,0,24,0.9770202785,0.1530955622,0.1529087725,-1.930596568
0,124,0,24,0.9416306283,0.1804269734,0.1801414238,2.211957773
0,125,0,5,0.9694026198,0.1331295612,0.1328073664,-0.9923282583
0,126,0,50,0.962364983,0.2034764372,0.2019768304,-1.55725124
0,127,0,50,0.9734373368,0.1763169348,0.1759667093,2.518861732
0,128,0,50,0.960025276,0.1950099512,0.1945343636,-2.275035338
0,129,0,5,0.9656163328,0.1654173903,0.1648706932,2.061889324
0,130,0,50,0.962514066,0.1972885053,0.1965843114,-1.660200059
0,131,0,5,0.9863192031,0.1175840457,0.11718158,-1.554521779
0,132,0,24,0.957821617,0.1694918075,0.1691929479,2.807247931
0,133,0,50,0.9643797562,0.1955440292,0.1947691037,-1.4400417
0,134,0,24,0.8318161306,0.4018230265,0.320715654,0.1532939785
0,135,0,24,0.9495559411,0.1804444585,0.1800957074,-1.950881902
0,136,0,50,0.9789254747,0.1542746104,0.1542421271,-0.7674597662
0,137,0,50,0.9659729223,0.175754232,0.1755650848,-2.859211567
0,138,0,5,0.9787732752,0.1735507153,0.1734377616,2.152900767
0,139,0,50,0.9784691533,0.141887051,0.1417510339,2.003298092
0,140,0,24,0.9802027806,0.1368656926,0.1367909963,-1.685232591
0,141,0,5,0.9652573829,0.1664794538,0.1663350022,0.877636843
0,142,0,50,0.964082095,0.1902818279,0.1900122616,-3.048907098
0,143,0,17,0.9721759413,0.07904165055,0.07740868793,-0.2345290561
0,144,0,24,0.9201297068,0.3671407545,0.3412088747,0.2043421018
0,145,0,5,0.4033000664,0.4145860159,0.2564009461,-1.524186806
0,146,0,50,0.9786532677,0.1014082739,0.1012704289,1.015988453
0,147,0,50,0.9646887649,0.1874915692,0.1867187349,-2.615217296
0,148,0,24,0.9416270093,0.1804194864,0.180134185,2.2121401
0,149,0,24,0.9485572198,0.1744477512,0.1741994847,-1.844152614
0,150,0,24,0.9524988483,0.1977991504,0.1973427896,-2.764641924
0,151,0,5,0.9647538968,0.1565695869,0.1562260464,1.275147651
0,152,0,50,0.9656071034,0.1962530497,0.1948784157,2.813692715
0,153,0,5,0.336647293,0.3909665559,0.1655427947,-2.024482478
0,154,0,50,0.9745180079,0.1733407263,0.1731419758,2.428799019
0,155,0,24,0.9607816461,0.1849708699,0.184671343,-2.376970634
0,156,0,5,0.9848829526,0.1427274349,0.1426779194,2.697033823
0,157,0,17,0.972462503,0.08065314625,0.07920593288,-2.765216994
0,158,0,50,0.9607460882,0.2051097486,0.2042056959,-1.751230901
0,159,0,5,0.9635820299,0.1987483499,0.197779085,0.04736544234
0,160,0,17,0.9740834611,0.09057049738,0.08819584083,-2.748779853
0,161,0,5,0.9664689151,0.0992644901,0.09898182297,-2.091401994
0,162,0,5,0.4590772109,0.466467857,0.2856416332,-3.049701959
0,163,0,17,0.9730934175,0.08810612065,0.08594180448,-1.592978053
0,164,0,50,0.9740740057,0.1527930992,0.1527212401,2.154981698
0,165,0,24,0.9485973681,0.2015164103,0.2010671392,-2.523984201
0,166,0,50,0.6235784052,0.4678648546,0.3857955363,0.05702342686
0,167,0,50,0.9713122174,0.1752209042,0.1743195284,-1.237375682
0,168,0,5,0.9592153813,0.183311083,0.1827592028,0.6740362686
0,169,0,5,0.969358843,0.148894359,0.1488160614,-0.4726363277
0,170,0,24,0.947537592,0.2020822922,0.2018032834,2.564868718
0,171,0,5,0.9819361535,0.1645217505,0.1644608541,-0.7101486618
0,172,0,5,0.5677435472,0.4111503013,0.2835728765,-1.886478678
0,173,0,5,0.9815166187,0.1645210033,0.1644940389,2.374452777
0,174,0,17,0.971862698,0.0790187115,0.07773584744,-2.508820029
0,175,0,17,0.972286368,0.09338685112,0.09050122508,-0.7470304618
0,176,0,24,0.9775342137,0.1206690195,0.1205806084,0.5153578705
0,177,0,24,0.8595415168,0.3832898679,0.3454885026,0.2207635278
0,178,0,17,0.9731763676,0.08799603129,0.0857991831,-1.289010179
0,179,0,17,0.9726971285,0.08785311602,0.0857829847,-2.01037187
0,180,0,50,0.7374197304,0.4829162784,0.4672527241,0.02461517442
0,181,0,50,0.619383551,0.4035722007,0.313222408,0.8878591218
0,182,0,24,0.5649940346,0.4792098764,0.2228085885,0.2063611692
0,183,0,50,0.9792961334,0.1496324105,0.149586037,-0.6739980808
0,184,0,50,0.9665627366,0.1780444647,0.1774877725,-2.360415023
0,185,0,24,0.9778395305,0.1498129226,0.1496554752,-1.876075036
0,186,0,24,0.6064000502,0.3834658554,0.2364563949,0.1376448896
0,187,0,50,0.5645983012,0.5003309713,0.4018883157,-0.1487681379
0,188,0,50,0.97527493,0.1042609129,0.1037367697,0.266458471
0,189,0,50,0.5145259802,0.394752971,0.2570653591,0.7468747984
0,190,0,5,0.6152801022,0.4964116691,0.4213369546,3.072164763
0,191,0,24,0.9403675467,0.1762778724,0.1759324527,2.158157267
0,192,0,50,0.9783594734,0.1102036247,0.1099975353,0.1314045764
0,193,0,24,0.9750107176,0.1543209364,0.1541772514,2.277945209
0,194,0,17,0.9730252904,0.08547068463,0.08368158284,-1.98043809
0,195,0,24,0.9510023335,0.1848911814,0.1845634367,-2.062761387
0,196,0,50,0.5860288279,0.4980073383,0.3910608557,1.520736829
0,197,0,5,0.9665891252,0.1574297989,0.157282796,0.5826123935
0,198,0,24,0.950952852,0.1689024591,0.1686482259,-1.798240792
0,199,0,5,0.965763238,0.1596517404,0.1594917606,1.480411243
0,200,0,50,0.9799710985,0.109567772,0.1093552555,1.322770002
0,201,0,5,0.9841497269,0.1092076933,0.1083799736,-2.805917687
0,202,0,24,0.8899173719,0.3770421134,0.3349675253,0.1354055619
0,203,0,17,0.9731163185,0.08374132436,0.08191268718,2.057392784
0,204,0,24,0.981085752,0.1230410914,0.1229537661,-1.510981081
0,205,0,50,0.5507261036,0.4724322865,0.3422801402,1.408486408
0,206,0,50,0.9752515339,0.1338982183,0.1335285421,-0.3636749668
0,207,0,50,0.6102039434,0.4529378719,0.3195179164,0.421799837
0,208,0,50,0.7226909392,0.405389482,0.3631178378,0.8320334353
0,209,0,50,0.9711834401,0.186031409,0.185157655,2.595411338
0,210,0,50,0.970885198,0.1664897251,0.1654512562,2.503093586
0,211,0,17,0.972914905,0.08408360153,0.08243138615,1.533225268
0,212,0,5,0.9670604747,0.1719142771,0.1715236792,1.29012307
0,213,0,50,0.9703482905,0.1702755547,0.1691451611,2.663330383
0,214,0,5,0.9608115904,0.1755304525,0.1746661004,-0.04929001606
0,215,0,17,0.971980606,0.07846176153,0.07688153407,-0.1733921034
0,216,0,50,0.5702694073,0.54603835,0.4762380857,-0.3878410667
0,217,0,24,0.4245764224,0.3989182392,0.1824530536,0.08011690115
0,218,0,17,0.9734563263,0.08416985049,0.08213430512,2.377969132
0,219,0,50,0.4281821295,0.4021691401,0.2224587856,0.4517268109
0,220,0,24,0.9482865474,0.2000281413,0.1995278091,-2.399384681
0,221,0,5,0.9827661892,0.1035002856,0.1025789551,-2.205607915
0,222,0,50,0.974313124,0.110658841,0.1102349339,1.407376746
0,223,0,24,0.9504294435,0.1930527165,0.1927054265,-2.164933233
0,224,0,17,0.9739097233,0.08465783157,0.08270474261,2.409358556
0,225,0,17,0.9725446828,0.08075731816,0.07933251725,-2.558750879
0,226,0,50,0.9652989915,0.1820850979,0.1818556403,-1.612681967
0,227,0,24,0.5035554441,0.3912732654,0.2097270198,0.2905176247
0,228,0,5,0.9697295455,0.1477378622,0.1476468164,-0.4597955671
0,229,0,17,0.9728885427,0.0860986745,0.08397104155,1.975345173
0,230,0,24,0.944213201,0.1033819607,0.1030085121,1.097628283
0,231,0,50,0.9600412889,0.2008571575,0.2003453616,-2.779618824
0,232,0,50,0.4534686766,0.5225542817,0.3629486134,1.782146279
0,233,0,50,0.9741118205,0.1452217047,0.1450105083,-0.5586407745
0,234,0,24,0.5616754792,0.374857984,0.2157732476,-3.02699787
0,235,0,24,0.9476629237,0.1932541254,0.1928362577,-3.052811527
0,236,0,24,0.934543924,0.3599490732,0.3440416443,0.2125545448
0,237,0,24,0.9460827745,0.3542711639,0.3469119251,0.1777058468
0,238,0,5,0.9651619096,0.1654598194,0.1650050641,2.032125578
0,239,0,5,0.5402225264,0.367373149,0.2559356349,-2.467676316
0,240,0,5,0.9664441414,0.09932632267,0.0990442701,-2.08717018
0,241,0,50,0.9616671709,0.191154867,0.190825996,-2.090561323
0,242,0,5,0.6261089439,0.3819803468,0.2879435683,-2.366063044
0,243,0,5,0.3955792185,0.5341254989,0.240753178,-1.60158293
0,244,0,50,0.9651615309,0.1878611878,0.1870789297,-2.518126035
0,245,0,50,0.9663713593,0.1750616861,0.1749152987,-2.898580889
0,246,0,17,0.9734696107,0.08977924585,0.08748696486,0.7401835399
0,247,0,24,0.9769862538,0.1532671695,0.1530831138,-1.934036944
0,248,0,5,0.5901330958,0.4335521289,0.3465530203,-2.975672096
0,249,0,50,0.6748654762,0.5813113333,0.5494663458,-0.341938996
0,250,0,17,0.9725439541,0.08075545915,0.0793315607,-2.558661254
0,251,0,24,0.941825314,0.3542109016,0.3468005255,0.1144272038
0,252,0,24,0.9797821161,0.1170018892,0.1169241885,1.747655463
0,253,0,17,0.9733829221,0.08646730965,0.08436165358,-0.2781071166
0,254,0,17,0.9723520625,0.08650754466,0.08438122418,2.307822894
0,255,0,17,0.9724701837,0.08547130012,0.08350387292,2.377650896
0,256,0,50,0.9650587522,0.1946258968,0.1939396299,2.966130391
0,257,0,50,0.9727291575,0.1017822879,0.1009931743,1.122706584
0,258,0,50,0.9653585737,0.1815285407,0.1813279575,-1.643377766
0,259,0,50,0.9751860376,0.1072088349,0.1067093519,0.1887059147
0,260,0,17,0.9714447553,0.08426320279,0.08227255194,2.824012577
0,261,0,24,0.9477024645,0.1992503019,0.1989815684,-2.893659598
0,262,0,50,0.9669890707,0.1675976813,0.1674399851,-2.875185729
0,263,0,24,0.2885756612,0.5382058958,0.1277807937,0.1753019509
0,264,0,17,0.9726131179,0.08571312314,0.08363102906,2.251869146
0,265,0,5,0.9666347929,0.1555350971,0.1553969508,0.4616610239
0,266,0,17,0.9727998735,0.08621607281,0.08405646802,1.956332351
0,267,0,17,0.9723620919,0.07846842052,0.07690826178,-0.4224972199
0,268,0,50,0.9661254326,0.1782647796,0.1780209669,-2.058778507
0,269,0,5,0.9700361254,0.1509391671,0.1508828375,2.280700956
0,270,0,24,0.9532439301,0.1254132242,0.1251076733,-1.286879269
0,271,0,50,0.7440987073,0.4118333938,0.3906016164,0.4100572391
0,272,0,50,0.4578167995,0.5490453212,0.3659301509,1.779407168
0,273,0,5,0.9662858238,0.178147171,0.17758331,1.361095714
0,274,0,17,0.9724048775,0.0784839842,0.07692232937,-0.4040977173
0,275,0,17,0.973464851,0.08750941689,0.0854309157,-1.371993267
0,276,0,17,0.9727809637,0.08369723415,0.08206728356,1.543099862
0,277,0,50,0.9736340715,0.1013788461,0.1006530318,0.657050383
0,278,0,24,0.8038327074,0.4124620891,0.3085512084,0.1894469461
0,279,0,50,0.4104241577,0.4516868154,0.2947988591,1.652312572
0,280,0,24,0.9403281353,0.1841313256,0.1838580697,2.244411481
0,281,0,50,0.4118188885,0.5292959408,0.3594883725,-0.4481056965
0,282,0,50,0.9660088772,0.1765200677,0.1763838571,-1.904636531
0,283,0,24,0.9526938692,0.1976470599,0.1971325161,-2.698550945
0,284,0,5,0.9694375648,0.1954608125,0.1948709722,-0.1791744491
0,285,0,5,0.9766658393,0.1732865181,0.1730815383,-0.391232234
0,286,0,50,0.689842625,0.471644968,0.4231947245,1.38666801
0,287,0,5,0.9694071397,0.1176334928,0.1174175992,-1.451995739
0,288,0,5,0.9589841998,0.1838973522,0.1832939235,0.3770210464
0,289,0,50,0.9661469187,0.1781229797,0.1778947709,-2.02420235
0,290,0,17,0.9728257144,0.08670193051,0.08450417419,-0.6134492678
0,291,0,50,0.9703831607,0.1835731172,0.1831890628,-1.131071108
0,292,0,24,0.6169135124,0.4592355209,0.2536067102,0.319004765
0,293,0,17,0.9716400964,0.08288448797,0.08102901868,0.5107888886
0,294,0,50,0.9663519022,0.178503338,0.1779339929,-2.345763026
0,295,0,17,0.9723600744,0.08644447432,0.08432520971,2.302809698
0,296,0,50,0.9796127402,0.1415454885,0.141479235,-0.5174358739
0,297,0,17,0.9744701624,0.08662163955,0.08449256346,2.872401833
0,298,0,17,0.9740811179,0.09079875933,0.08841040386,-2.646592522
0,299,0,17,0.9720506241,0.08207972779,0.08053562349,-2.853639639
0,300,0,5,0.9701488936,0.1506252282,0.1505702111,2.289246164
0,301,0,5,0.5853162893,0.4160538754,0.3466611066,-2.983009499
0,302,0,50,0.4824417566,0.45424992,0.2986692741,1.402345058
0,303,0,50,0.9760669766,0.1279512499,0.1276879846,1.752447208
0,304,0,50,0.9613253341,0.1904244354,0.18997137,-2.251455441
0,305,0,50,0.9650597969,0.1848736713,0.1843287546,-1.707877363
0,306,0,5,0.9706590365,0.1461087181,0.146049237,2.414429857
0,307,0,17,0.9727726862,0.08678407676,0.08458529397,-0.6158938579
0,308,0,50,0.9778374337,0.1354129861,0.1351783863,1.828226545
0,309,0,17,0.9721688292,0.08606547177,0.08396730115,0.3233924403
0,310,0,17,0.9733391412,0.08693257352,0.08483078016,-2.130761037
0,311,0,50,0.9793956482,0.1291470522,0.1290909421,-0.3032467506
0,312,0,5,0.9771138849,0.1821840256,0.1819904034,-0.4750875469
0,313,0,24,0.9777787546,0.1500714427,0.1499085135,-1.879521084
0,314,0,24,0.9403835766,0.1912348145,0.1909851487,2.341716914
0,315,0,24,0.9513202715,0.158263386,0.1579671647,-1.667529838
0,316,0,5,0.596746699,0.4107109298,0.2798617877,-2.447374647
0,317,0,5,0.9820896372,0.1080708094,0.1072647681,-1.926146941
0,318,0,50,0.9662645254,0.1767482033,0.1764104444,-2.172852955
0,319,0,5,0.9651842646,0.1671262784,0.1669639741,0.8411806502
0,320,0,50,0.9703913926,0.1749243036,0.1747862289,-1.103118645
0,321,0,24,0.9808211792,0.1281291221,0.1279848061,-1.578625614
0,322,0,24,0.9500987064,0.1922330908,0.1918279387,-2.143623882
0,323,0,5,0.9705318087,0.1311702141,0.1309450729,-1.060142866
0,324,0,24,0.9447916662,0.1495997237,0.14918073,1.844697058
0,325,0,17,0.9739533037,0.08656007317,0.08463244157,-1.636883448
0,326,0,50,0.9654278427,0.1686549236,0.1684812927,-2.193329512
0,327,0,17,0.9737852195,0.08581209817,0.0839512863,-1.663256969
0,328,0,50,0.9612644424,0.191423823,0.1910174865,-2.170992937
0,329,0,50,0.9777075462,0.1225978244,0.1221400508,1.606278472
0,330,0,50,0.9628810223,0.190856808,0.1905484802,-2.873105505
0,331,0,50,0.4793632707,0.4185121531,0.2401885514,0.666097041
0,332,0,17,0.9712186239,0.08081131709,0.07949906212,1.135687639
0,333,0,5,0.969201319,0.1335281874,0.133171326,-0.9801694059
0,334,0,50,0.9701696634,0.1789831987,0.1779067987,-1.262220145
0,335,0,50,0.7606725793,0.3920869806,0.3807417175,0.821328042
0,336,0,5,0.9669419565,0.1681115437,0.1677814834,1.191802896
0,337,0,24,0.95024966,0.1711749541,0.1709212428,-1.815654093
0,338,0,24,0.9493730933,0.1364474495,0.1360269931,1.689237286
0,339,0,24,0.9795686431,0.1116902156,0.1116301397,-1.219100803
0,340,0,50,0.40603994,0.3938049094,0.2080602504,1.067951029
0,341,0,50,0.96434078,0.1897674702,0.1895143774,-3.061695159
0,342,0,24,0.9495040897,0.1974975223,0.1971394551,-2.296036992
0,343,0,50,0.9692431212,0.179598682,0.1784413811,2.788817134
0,344,0,17,0.9723690497,0.0864610352,0.08434029121,2.301280937
0,345,0,50,0.9784814762,0.1161917651,0.1158533555,1.455894892
0,346,0,24,0.9676424078,0.1636290573,0.1633755633,2.508565572
0,347,0,50,0.9646688866,0.1792223435,0.1788341858,-1.753047268
0,348,0,50,0.7096217678,0.4634475866,0.4429730752,1.416426636
0,349,0,50,0.9640336174,0.183313779,0.1829944658,-2.685978025
0,350,0,5,0.9674571085,0.1721894215,0.1718420465,0.307543832
0,351,0,17,0.9723323751,0.08640679416,0.08432321074,1.350442852
0,352,0,17,0.9724455081,0.08064695378,0.07920088659,-2.764119134
0,353,0,24,0.9461618544,0.3557110746,0.3487876397,0.1637386592
0,354,0,24,0.8882358109,0.3748033432,0.332682018,0.250194042
0,355,0,50,0.6781775464,0.4558657296,0.419295574,1.407142461
0,356,0,5,0.9571315997,0.1847996878,0.1841935555,0.4284414744
0,357,0,24,0.9467876915,0.2022914862,0.2020187616,2.554992852
0,358,0,5,0.9612654856,0.17927448,0.1787672355,0.8501859518
0,359,0,24,0.945765013,0.2173355185,0.2170577392,3.004521242
0,360,0,5,0.9709841017,0.1187837786,0.1186095786,3.021482261
0,361,0,17,0.9727955927,0.08593626991,0.08421021417,1.24999473
0,362,0,50,0.9790076152,0.1424954219,0.1424209813,-0.5269173906
0,363,0,50,0.5068984533,0.4774906435,0.3333756118,1.498618865
0,364,0,50,0.9625052741,0.1836586982,0.1834494365,-2.046629538
0,365,0,17,0.973710863,0.08895052768,0.08670234988,-2.419397216
0,366,0,50,0.9733158843,0.1727167343,0.1720446416,-1.10890817
0,367,0,5,0.9715650076,0.1166275848,0.1165098124,3.062189945
0,368,0,17,0.9742441324,0.0922745469,0.0896648608,3.138127764
0,369,0,5,0.9662351097,0.1779803864,0.1774444257,0.2991267959
0,370,0,17,0.9709022271,0.07845680818,0.07679672671,-0.838239276
0,371,0,17,0.9729820068,0.08371484405,0.08191302357,1.895985142
0,372,0,50,0.9668059709,0.1954019615,0.1942299794,2.782421522
0,373,0,17,0.9734010173,0.08404799598,0.0820137653,2.375437796
0,374,0,17,0.9724255037,0.08615046723,0.08404955409,2.282647262
0,375,0,5,0.9862970395,0.1117727427,0.1112735623,-2.944829556
0,376,0,24,0.9464576022,0.2140791617,0.2137043193,2.79614023
0,377,0,50,0.9763901372,0.1253932368,0.1250029114,-0.214207955
0,378,0,5,0.9699273227,0.1490802441,0.1490211659,-0.3637735391
0,379,0,5,0.4471727437,0.51762868,0.3523161573,-1.264446112
0,380,0,17,0.9733799832,0.08647431224,0.08436832914,-0.2781625619
0,381,0,50,0.9715132035,0.1027948575,0.1019574746,0.5244469577
0,382,0,24,0.9448014104,0.2182642463,0.2179805905,3.072779842
0,383,0,5,0.9650991736,0.1693031337,0.169054765,0.7595271979
0,384,0,24,0.4641442684,0.4376107079,0.197690152,0.09388876008
0,385,0,5,0.7183382147,0.3691439694,0.3360105107,-2.076210201
0,386,0,50,0.9739359071,0.1470859775,0.1468981254,-0.5811794278
0,387,0,5,0.979063229,0.1737645125,0.1736382295,2.186192665
0,388,0,17,0.9742028184,0.09060022341,0.0882124623,-2.784699778
0,389,0,24,0.8096279886,0.3794784535,0.320683317,0.1729389391
0,390,0,50,0.9721395115,0.1611669508,0.1611406919,-0.8721251737
0,391,0,50,0.9713038929,0.1666629924,0.1656036271,2.534098837
0,392,0,17,0.973023625,0.08197765544,0.08032948644,0.2236159993
0,393,0,17,0.9737290822,0.08727245962,0.08521632681,-1.506551076
0,394,0,50,0.962303857,0.191343132,0.1909030743,-2.042470654
0,395,0,17,0.9721318557,0.07902168366,0.07738784543,-0.2330828178
0,396,0,24,0.9209976011,0.09566149716,0.09509837511,-0.6778629232
0,397,0,50,0.5239557436,0.4933931944,0.4020504956,-0.2692646624
0,398,0,50,0.9763928199,0.1254021836,0.1250119213,-0.214335866
0,399,0,24,0.9403196676,0.1763598831,0.1760135723,2.158101572
0,400,0,24,0.9808245228,0.1280107888,0.1278650505,-1.576700923
0,401,0,50,0.9739581219,0.1413273934,0.1409841921,-0.4662890079
0,402,0,24,0.9467475492,0.2087493577,0.208351101,2.698322686
0,403,0,17,0.9739188281,0.08912545578,0.08684289758,-2.507889988
0,404,0,50,0.9740660241,0.1560829396,0.1560434822,2.198481797
0,405,0,24,0.9506432972,0.1939168121,0.1936050469,-2.237692982
0,406,0,24,0.9232069339,0.09936069502,0.09877415763,-0.8228825447
0,407,0,17,0.9715977203,0.08562381404,0.08352470298,0.4536262622
0,408,0,24,0.8100128867,0.4135580239,0.3127482478,0.2343579479
0,409,0,24,0.8708304464,0.3950822566,0.3372199679,0.1310360817
0,410,0,17,0.9729098483,0.08359699468,0.08189267857,1.710567094
0,411,0,5,0.9637317746,0.2007949387,0.1998397758,1.749356084
0,412,0,50,0.628636139,0.499127119,0.4396194111,-0.1321847866
0,413,0,17,0.9731376033,0.08742544071,0.08532489273,1.563856337
0,414,0,24,0.9471770743,0.1451430223,0.1446997694,1.80024942
0,415,0,17,0.9717738228,0.07909949518,0.07782103203,-2.491596336
0,416,0,50,0.5860155542,0.4837593504,0.3508346728,1.360971138
0,417,0,50,0.43564136,0.4162633541,0.2446322283,1.223898855
0,418,0,50,0.6687466784,0.4103139237,0.3356299459,0.6447850213
0,419,0,17,0.9730283216,0.08634859689,0.08456846754,1.299477025
0,420,0,50,0.7021260429,0.5787818684,0.5665378992,-0.3289422388
0,421,0,24,0.9587054465,0.1863526106,0.1860539808,-2.430788079
0,422,0,5,0.9663551044,0.1657806868,0.1654743185,1.063662025
0,423,0,5,0.9612737235,0.1791516296,0.1786549883,0.8523018353
0,424,0,24,0.9807543256,0.1252781933,0.1251253498,-1.528551737
0,425,0,5,0.3563279857,0.4836143391,0.3019547374,2.796830548
0,426,0,17,0.9731498791,0.08283200659,0.08129460073,-2.102432675
0,427,0,24,0.9639996839,0.1684919209,0.1682449287,2.528299259
0,428,0,17,0.9728625783,0.08098804836,0.07938808564,0.1982755943
0,429,0,24,0.9486205086,0.3571793246,0.3555822998,0.2759095181
0,430,0,50,0.9783809097,0.1350229232,0.1348693881,1.891710077
0,431,0,50,0.5961708121,0.4065172819,0.3158316643,1.133653956
0,432,0,17,0.9732777358,0.08709076066,0.08499508671,-1.22114944
0,433,0,50,0.9770340144,0.158231208,0.1580574043,2.282683078
0,434,0,24,0.9414318099,0.1659821029,0.1656198255,2.018040004
0,435,0,24,0.9801438738,0.1206571015,0.1205600751,1.837852979
0,436,0,50,0.9759029269,0.1306160674,0.130182169,-0.2999764733
0,437,0,17,0.9726538834,0.08622796186,0.0841685606,-0.08082063892
0,438,0,50,0.9745942618,0.1589640015,0.1589562994,2.263608809
0,439,0,24,0.73489805,0.3851129495,0.2957960335,0.129810384
0,440,0,50,0.9706813499,0.1669245948,0.1658562205,2.511810558
0,441,0,50,0.9675985338,0.1676719852,0.167288471,3.0634445
0,442,0,50,0.4909536658,0.5121813618,0.3668016377,-0.2175679497
0,443,0,5,0.37295288,0.4026763685,0.1853861171,-1.964463237
0,444,0,24,0.8464612947,0.3942491622,0.3298683114,0.1905393588
0,445,0,17,0.9722492117,0.0855673489,0.08336495023,1.100309615
0,446,0,50,0.9748104037,0.1641311476,0.1641200504,2.283561955
0,447,0,24,0.6450773546,0.4250424955,0.2632253063,0.004634743759
0,448,0,5,0.9862970499,0.1117751471,0.1112760402,-2.944586934
0,449,0,17,0.9721654321,0.08669390948,0.08455434511,0.3148476039
0,450,0,5,0.9649293397,0.1658109899,0.1653389024,2.028505585
0,451,0,24,0.9528764065,0.1977639771,0.1973413602,-2.767067496
0,452,0,50,0.7308454781,0.4444008439,0.4190016611,0.2013003423
0,453,0,50,0.9659568599,0.1757670822,0.1755773219,-2.857566993
0,454,0,5,0.9846956381,0.1236138283,0.1232766259,-1.420323658
0,455,0,50,0.9641788322,0.1904104935,0.1901347062,-3.020167143
0,456,0,50,0.9743027403,0.1707442353,0.1706020282,2.419297612
0,457,0,17,0.9716269813,0.08427329333,0.08230944529,2.723855474
0,458,0,24,0.7744105452,0.4255420345,0.301735892,0.2150562208
0,459,0,24,0.774543191,0.4234456282,0.310291533,0.0336646507
0,460,0,5,0.9656917616,0.1651953284,0.1648636252,-0.1639729525
0,461,0,50,0.7237574559,0.3951192994,0.3618595121,0.6284758916
0,462,0,5,0.4294053697,0.4441045778,0.2947495831,3.093816051
0,463,0,50,0.9724462581,0.1006128307,0.09979177725,0.7583948133
0,464,0,17,0.9717802088,0.07907772149,0.077799485,-2.492494077
0,465,0,24,0.9445367685,0.1031630989,0.1027892209,1.10802111
0,466,0,24,0.9208945036,0.09650337891,0.09593365542,-0.7009491543
0,467,0,50,0.9618528176,0.2017970974,0.2007320893,-2.518394469
0,468,0,50,0.9728823116,0.1018275913,0.1010526083,1.126153251
0,469,0,50,0.972100392,0.1613414388,0.1613154057,-0.8761310557
0,470,0,24,0.9012885781,0.3558024432,0.3319725342,0.1825788017
0,471,0,17,0.9717543566,0.07909288576,0.07782038266,-2.484542359
0,472,0,17,0.9721738893,0.0817734025,0.08027707833,-2.898068618
0,473,0,50,0.9659762144,0.1757481868,0.1755590952,-2.859821948
0,474,0,24,0.963464598,0.1692949646,0.1690457295,2.533055553
0,475,0,17,0.9738668473,0.09051823471,0.08813665458,-2.600602386
0,476,0,50,0.978521563,0.1408822357,0.1407261243,1.987880437
0,477,0,24,0.9801374731,0.1205964808,0.1204995783,1.836911801
0,478,0,50,0.5147269774,0.5618990292,0.4634147447,1.969466724
0,479,0,50,0.9725137336,0.1016015496,0.1007869037,1.105151531
0,480,0,5,0.9693460048,0.1116582375,0.1115129033,-3.00339992
0,481,0,50,0.9715908863,0.166951449,0.1659357797,2.525463311
0,482,0,50,0.9641898497,0.1902504118,0.1899744878,-3.021822958
0,483,0,24,0.5174161521,0.4510619336,0.2171772898,0.1188460634
0,484,0,50,0.965861333,0.1938405537,0.1930040723,2.899248182
0,485,0,24,0.950330972,0.1944412302,0.1941216198,-2.216365401
0,486,0,50,0.9760774312,0.1278255476,0.1274071191,-0.2577970606
0,487,0,50,0.9776298116,0.1026046265,0.1023000971,0.4668820247
0,488,0,24,0.3081577084,0.3811303186,0.11353861,2.856133618
0,489,0,5,0.9586928607,0.1846192268,0.1839711439,0.5791450418
0,490,0,17,0.9730787858,0.08125159555,0.07961571259,0.1703409398
0,491,0,17,0.9726433518,0.0858155171,0.08358801549,-1.036476114
0,492,0,50,0.7070583774,0.3991766982,0.3642241963,0.4456905025
0,493,0,5,0.965570819,0.1541975902,0.1539600437,1.336436445
0,494,0,50,0.9656574633,0.1941708459,0.1932925954,-1.376449967
0,495,0,5,0.6823231777,0.4000339285,0.3661554101,-1.759363045
0,496,0,24,0.9796276279,0.1140291827,0.1139595037,1.655242652
0,497,0,50,0.7267622778,0.4258209639,0.3867212808,1.089638542
0,498,0,50,0.9741378236,0.1454060259,0.1452021791,-0.5616801381
0,499,0,17,0.9726184787,0.08718972743,0.08507833903,-1.033851707
0,500,0,24,0.9516330292,0.1614725732,0.1612193632,-1.72016257
0,501,0,17,0.9724695573,0.08546677978,0.08350053639,2.377643488
0,502,0,24,0.9469412647,0.3565609368,0.3503897934,0.112510477
0,503,0,24,0.8485245279,0.3869093808,0.3259314196,0.2754779863
0,504,0,5,0.6315448936,0.4168923832,0.3113749446,-2.675746173
0,505,0,50,0.9765600533,0.1665710327,0.1663758011,-0.9498508527
0,506,0,50,0.977033512,0.1582345463,0.1580607355,2.282724389
0,507,0,24,0.9598006868,0.1861079555,0.1858046633,-2.394460534
0,508,0,17,0.9725990889,0.08171070278,0.08017413624,-2.950469431
0,509,0,24,0.7613102437,0.3980620146,0.2906721763,0.2117441775
0,510,0,17,0.9722900629,0.08637622134,0.08410247346,1.120266415
0,511,0,24,0.9800132223,0.1295429883,0.1294081182,2.008068914
