seed,step,n_key,key_share_W_E,overlap_W_E,mean_key_rank_W_E,top_W_E,key_share_W_L,overlap_W_L,mean_key_rank_W_L,top_W_L,restricted_loss_test_own,restricted_acc_test_own
0,0,5,0.08822902973,0,28.4,1 11 13 21 42,0.08977410204,2,24.8,14 24 36 47 50,4.772681307,0.008278330909
0,1,5,0.0882769091,0,28.4,1 11 13 21 42,0.08973672807,2,25,14 24 36 47 50,4.750819076,0.007495245553
0,2,5,0.08830991089,0,28,1 11 13 21 42,0.08974666302,2,25,14 24 36 47 50,4.744423166,0.007495245553
0,3,5,0.08834986456,1,27.6,1 11 13 24 42,0.08976751521,2,25.2,14 24 36 47 50,4.744642199,0.008613938919
0,5,5,0.08847983742,1,26.8,1 11 13 24 42,0.08980409124,2,25.4,14 24 36 47 50,4.750873146,0.00760711489
0,9,5,0.08887415382,1,25.8,1 11 13 24 42,0.09001957489,2,25,14 24 36 47 50,4.755372902,0.00760711489
0,16,5,0.08994937996,1,24.2,1 13 21 24 42,0.09084081799,2,23.6,14 24 36 47 50,4.754573387,0.007495245553
0,28,5,0.09240557989,1,19.2,1 13 21 24 42,0.09293373882,1,22.8,9 14 24 36 47,4.754037409,0.00760711489
0,50,5,0.09594215676,3,17.2,1 5 17 21 24,0.09495458567,1,19.8,1 4 9 24 44,4.758970638,0.00760711489
0,87,5,0.1053297199,3,13.8,1 5 17 24 51,0.1079797929,3,12.8,4 17 24 44 50,4.775719472,0.02405190737
0,151,5,0.1224122884,3,12.2,1 5 17 24 51,0.1365832921,4,12.8,5 12 17 24 50,4.82138243,0.04922250811
0,250,5,0.1281305758,4,11.8,1 5 17 24 50,0.1443481797,4,13,5 12 17 24 50,4.383674987,0.09878062423
0,264,5,0.1288038238,4,11.8,1 5 17 24 50,0.1453786897,4,13,5 12 17 24 50,4.341232543,0.1072826938
0,462,5,0.137711458,4,11.8,1 5 17 24 50,0.1599477785,4,12.8,5 12 17 24 50,3.86417315,0.1676921356
0,500,5,0.1393444042,4,11.8,1 5 17 24 50,0.1627615335,4,12.8,5 12 17 24 50,3.784335489,0.1942051684
0,750,5,0.1497372682,4,11.2,5 12 17 24 50,0.1805648778,4,12.2,5 12 17 24 50,3.281620434,0.2708356639
0,806,5,0.1520008666,4,11.2,5 12 17 24 50,0.184577166,4,12.2,5 12 17 24 50,3.190251818,0.2708356639
0,1000,5,0.1595529805,4,11.2,5 12 17 24 50,0.1983645219,4,12,5 12 17 24 50,2.910786006,0.3316925831
0,1250,5,0.1683975348,4,11.4,5 12 17 24 50,0.2154737806,4,11.8,5 12 17 24 50,2.582027838,0.3761047097
0,1409,5,0.1737721683,4,11.6,5 12 17 24 50,0.2257698626,4,12,5 12 17 24 50,2.37076926,0.3857254726
0,1500,5,0.1768401452,4,11.6,5 12 17 24 50,0.2314648291,4,11.8,5 12 17 24 50,2.262144703,0.4036245665
0,1750,5,0.1850572692,4,11.6,5 12 17 24 50,0.2474053568,4,11.6,5 12 17 24 50,2.010901224,0.4390871462
0,2000,5,0.1931764979,4,11.6,5 12 17 24 50,0.2639984413,4,11.8,5 12 17 24 50,1.783230299,0.4953574225
0,2250,5,0.201711095,4,11.4,5 12 17 24 50,0.2816034304,4,11.8,5 12 17 24 50,1.567714188,0.5309318716
0,2460,5,0.2095462552,4,11.2,5 12 17 24 50,0.297131976,4,11.4,5 12 17 24 50,1.399646065,0.5770220383
0,2500,5,0.2111118807,4,11.2,5 12 17 24 50,0.3001829935,4,11.4,1 5 17 24 50,1.368230426,0.5858597159
0,2750,5,0.2212206365,4,11.2,5 12 17 24 50,0.3201611623,4,11.4,1 5 17 24 50,1.19238358,0.6016332923
0,3000,5,0.2321338156,4,11.2,5 12 17 24 50,0.3420264045,4,11.6,1 5 17 24 50,1.036509882,0.6193086475
0,3250,5,0.24402135,4,11,5 12 17 24 50,0.3662399073,4,11.6,1 5 17 24 50,0.8978049742,0.6289294104
0,3500,5,0.2576881652,4,11,1 5 17 24 50,0.3937478375,4,12,1 5 17 24 50,0.5884596027,0.7614945743
0,3750,5,0.2729339081,4,11,1 5 17 24 50,0.4241946295,4,12,1 5 17 24 50,0.4805375059,0.8214565388
0,4000,5,0.2900033869,4,10.8,1 5 17 24 50,0.4572031842,4,12,1 5 17 24 50,0.3753582719,0.8688891375
0,4250,5,0.3096185337,4,10.4,1 5 17 24 50,0.4926863245,4,12,1 5 17 24 50,0.2659954265,0.9158742589
0,4297,5,0.3136320117,4,10.2,1 5 17 24 50,0.4997289599,4,11.8,1 5 17 24 50,0.2460519992,0.9250475445
0,4500,5,0.3323990216,4,10.4,1 5 17 24 50,0.5317585646,4,11.8,1 5 17 24 50,0.1599016685,0.9533504866
0,4750,5,0.3589088131,4,10.4,1 5 17 24 50,0.5758155569,4,11.8,1 5 17 24 50,0.07167834996,0.9904911064
0,5000,5,0.391649928,4,10,1 5 17 24 50,0.6288294762,4,11.4,1 5 17 24 50,0.01784991905,1
0,5250,5,0.4340893831,4,7.8,1 5 17 24 50,0.7013756938,4,10.2,1 5 17 24 50,0.0009243999442,1
0,5500,5,0.4867426379,4,6.6,1 5 17 24 50,0.7881346006,4,10.2,1 5 17 24 50,8.811228613e-06,1
0,5750,5,0.5435784643,4,4.8,1 5 17 24 50,0.8632757597,4,10.2,1 5 17 24 50,1.991112755e-07,1
0,6000,5,0.6048806184,4,3.8,1 5 17 24 50,0.9177101922,4,10.4,1 5 17 24 50,3.070260205e-08,1
0,6250,5,0.6717910207,4,3.6,1 5 17 24 50,0.9549841204,4,10.4,1 5 17 24 50,1.870280579e-08,1
0,6500,5,0.7379534937,5,3,5 17 24 34 50,0.9778713721,4,10,1 5 17 24 50,2.234070064e-08,1
0,6750,5,0.7941560716,5,3,5 17 24 34 50,0.9897687629,4,10.2,1 5 17 24 50,3.192525081e-08,1
0,7000,5,0.8375890306,5,3,5 17 24 34 50,0.9951496623,4,9.2,1 5 17 24 50,4.367220473e-08,1
0,7250,5,0.8702892049,5,3,5 17 24 34 50,0.9974427757,4,6,1 5 17 24 50,5.162235355e-08,1
0,7500,5,0.8949269983,5,3,5 17 24 34 50,0.9984124903,4,4.8,1 5 17 24 50,5.584892908e-08,1
0,7506,5,0.8954377929,5,3,5 17 24 34 50,0.9984269863,4,4.8,1 5 17 24 50,5.591692765e-08,1
0,7750,5,0.913618439,5,3,5 17 24 34 50,0.9988251502,4,4.8,5 17 24 26 50,5.77564983e-08,1
0,8000,5,0.9279625451,5,3,5 17 24 34 50,0.9989972591,4,3.8,5 17 24 26 50,5.846010266e-08,1
0,8250,5,0.939056929,5,3,5 17 24 34 50,0.9990647265,4,3.8,5 17 24 26 50,5.871127372e-08,1
0,8500,5,0.9477535043,5,3,5 17 24 34 50,0.9990861944,4,3.6,5 17 24 26 50,5.877008707e-08,1
0,8750,5,0.9546483765,5,3,5 17 24 34 50,0.9990851757,4,3.6,5 17 24 26 50,5.874472329e-08,1
0,9000,5,0.9601967357,5,3,5 17 24 34 50,0.9990741955,4,3.6,5 17 19 24 50,5.86735456e-08,1
0,9250,5,0.9647116319,5,3,5 17 24 34 50,0.9990569549,4,3.6,5 17 19 24 50,5.860885567e-08,1
0,9500,5,0.9684262348,5,3,5 17 24 34 50,0.9990371643,4,3.6,5 17 19 24 50,5.859948774e-08,1
0,9750,5,0.9715269574,5,3,5 17 24 34 50,0.9990154967,4,3.6,5 17 19 24 50,5.861637846e-08,1
0,10000,5,0.9741313867,5,3,5 17 24 34 50,0.998992728,4,3.6,5 17 19 24 50,5.864459185e-08,1
0,10250,5,0.9763213905,5,3,5 17 24 34 50,0.9989704908,4,3.6,5 17 19 24 50,5.86721646e-08,1
0,10500,5,0.9781690034,5,3,5 17 24 34 50,0.9989464358,4,3.6,5 17 19 24 50,5.871995228e-08,1
0,10750,5,0.9797351796,5,3,5 17 24 34 50,0.9989206963,4,3.6,5 17 19 24 50,5.878303991e-08,1
0,11000,5,0.9810807787,5,3,5 17 24 34 50,0.9988944627,4,3.6,5 17 19 24 50,5.887226586e-08,1
0,11250,5,0.9822405623,5,3,5 17 24 34 50,0.9988685644,4,3.8,5 17 19 24 50,5.896416103e-08,1
0,11500,5,0.9832434769,5,3,5 17 24 34 50,0.9988432464,4,4,5 17 19 24 50,5.906035618e-08,1
0,11750,5,0.984119358,5,3,5 17 24 34 50,0.9988174569,4,4,5 17 19 24 50,5.915154783e-08,1
0,12000,5,0.9848801321,5,3,5 17 24 34 50,0.9987921604,4,4,5 17 19 24 50,5.922497089e-08,1
0,12250,5,0.985545639,5,3,5 17 24 34 50,0.9987679002,4,4.2,5 17 19 24 50,5.930525857e-08,1
0,12500,5,0.9861250037,5,3,5 17 24 34 50,0.9987448114,4,4.2,5 17 19 24 50,5.938227136e-08,1
0,12750,5,0.9866416375,5,3,5 17 24 34 50,0.9987225405,4,4.2,5 17 19 24 50,5.947237817e-08,1
0,13000,5,0.9870958654,5,3,5 17 24 34 50,0.9987021721,4,4.2,5 17 19 24 50,5.957330992e-08,1
0,13111,5,0.9872815168,5,3,5 17 24 34 50,0.9986935156,4,4.2,5 17 19 24 50,5.961405922e-08,1
0,13250,5,0.9874974309,5,3,5 17 24 34 50,0.9986830662,4,4.2,5 17 19 24 50,5.965579178e-08,1
0,13500,5,0.9878486845,5,3,5 17 24 34 50,0.9986647454,4,4.2,5 17 19 24 50,5.971950136e-08,1
0,13750,5,0.9881681479,5,3,5 17 24 34 50,0.9986473778,4,4.2,5 17 19 24 50,5.979123978e-08,1
0,14000,5,0.9884552819,5,3,5 17 24 34 50,0.998630633,4,4.4,5 17 19 24 50,5.986194135e-08,1
0,14250,5,0.9887121527,5,3,5 17 24 34 50,0.9986139562,4,4.4,5 17 19 24 50,5.992679756e-08,1
0,14500,5,0.9889393502,5,3,5 17 24 34 50,0.9985991157,4,4.6,5 17 19 24 50,5.999016325e-08,1
0,14750,5,0.9891429088,5,3,5 17 24 34 50,0.9985851662,4,4.6,5 17 19 24 50,6.004548435e-08,1
0,15000,5,0.9893287038,5,3,5 17 24 34 50,0.9985721344,4,4.8,5 17 19 24 50,6.00911739e-08,1
0,22901,5,0.9916646766,5,3,5 17 24 34 50,0.9983502387,4,5,5 17 19 24 50,6.081289933e-08,1
0,40000,5,0.9888775676,5,3,5 17 24 34 50,0.9982681503,4,5.8,5 17 24 29 50,5.367620268e-08,1
1,0,4,0.07160543276,0,27.25,3 11 26 47,0.069641439,1,30.5,10 14 39 48,4.775331781,0.008613938919
1,1,4,0.07165594301,0,27.25,3 11 26 47,0.06964725281,1,30.5,10 14 39 48,4.754527496,0.009620762949
1,2,4,0.07168824115,0,27,3 11 26 47,0.06968058256,1,30.5,10 14 39 48,4.749292002,0.00760711489
1,3,4,0.07172330462,0,26.75,3 11 26 47,0.06970233093,1,30.5,10 14 39 48,4.749055789,0.00760711489
1,5,4,0.07182395731,0,27,3 11 26 47,0.06971163022,1,30.75,10 14 39 48,4.750549961,0.00760711489
1,9,4,0.07209690634,1,25.5,3 26 32 47,0.06974696143,1,30.75,10 14 39 48,4.753216653,0.008054592236
1,16,4,0.07295047327,1,23,3 26 32 47,0.06977164256,1,31,14 39 48 55,4.756456379,0.00760711489
1,28,4,0.07548243452,1,16.25,1 3 26 32,0.06952256296,1,32.25,10 39 48 55,4.754520695,0.00760711489
1,50,4,0.08139817091,2,5.25,1 3 17 32,0.07120401242,1,30.25,14 44 48 52,4.760217816,0.00760711489
1,87,4,0.09105467562,3,2.75,1 5 17 32,0.08591041509,2,11.5,5 14 17 51,4.761167607,0.0397136145
1,151,4,0.1094136505,4,2.5,5 17 32 48,0.1235386972,3,5,5 17 48 51,4.65051362,0.09150911735
1,250,4,0.1151538814,4,2.5,5 17 32 48,0.1338282264,3,4.25,5 17 48 51,4.266520223,0.1088488645
1,264,4,0.1158982784,4,2.5,5 17 32 48,0.1352248646,3,3.75,5 17 48 51,4.222374466,0.1088488645
1,462,4,0.1266149294,4,2.5,5 17 32 48,0.1559462332,3,3,5 17 48 51,3.696223554,0.1504642577
1,500,4,0.1286926141,4,2.5,5 17 32 48,0.1600747764,3,2.75,5 17 48 51,3.606921539,0.1586307193
1,750,4,0.142398156,4,2.5,5 17 32 48,0.1872885338,4,2.5,5 17 32 48,3.056994312,0.2424208524
1,806,4,0.1454772675,4,2.5,5 17 32 48,0.1933474154,4,2.5,5 17 32 48,2.940353237,0.2513703994
1,1000,4,0.1562091497,4,2.5,5 17 32 48,0.2147587786,4,2.5,5 17 32 48,2.563401866,0.306074505
1,1250,4,0.170007383,4,2.5,5 17 32 48,0.2418006563,4,2.5,5 17 32 48,2.118862836,0.3847186486
1,1409,4,0.1783517556,4,2.5,5 17 32 48,0.2581331654,4,2.5,5 17 32 48,1.860465797,0.4285714286
1,1500,4,0.183068722,4,2.5,5 17 32 48,0.2672275105,4,2.5,5 17 32 48,1.732953312,0.4463586531
1,1750,4,0.1961544319,4,2.5,5 17 32 48,0.2927218699,4,2.5,5 17 32 48,1.429469332,0.5637095872
1,2000,4,0.2099322266,4,2.5,5 17 32 48,0.3202416565,4,2.5,5 17 32 48,1.167446435,0.5999552523
1,2250,4,0.2242863128,4,2.5,5 17 32 48,0.3492224242,4,2.5,5 17 32 48,0.9467432205,0.6831860387
1,2460,4,0.236759344,4,2.5,5 17 32 48,0.374689298,4,2.5,5 17 32 48,0.785903339,0.7363239736
1,2500,4,0.2391742844,4,2.5,5 17 32 48,0.3795614108,4,2.5,5 17 32 48,0.7571956616,0.7363239736
1,2750,4,0.2544033628,4,2.5,5 17 32 48,0.4106097287,4,2.5,5 17 32 48,0.5946911748,0.7807361002
1,3000,4,0.2700084991,4,2.5,5 17 32 48,0.442475022,4,2.5,5 17 32 48,0.4614539116,0.8349927285
1,3250,4,0.2867267825,4,2.5,5 17 32 48,0.4751204831,4,2.5,5 17 32 48,0.3520513659,0.8968564716
1,3500,4,0.30521782,4,2.5,5 17 32 48,0.5100122793,4,2.5,5 17 32 48,0.260625008,0.9347801768
1,3750,4,0.3253496797,4,2.5,5 17 32 48,0.5466825778,4,2.5,5 17 32 48,0.1832532064,0.9439534624
1,4000,4,0.3473512459,4,2.5,5 17 32 48,0.5851622533,4,2.5,5 17 32 48,0.1186754497,1
1,4250,4,0.3716142145,4,2.5,5 17 32 48,0.6254066125,4,2.5,5 17 32 48,0.06989930133,1
1,4297,4,0.3765277787,4,2.5,5 17 32 48,0.6330964713,4,2.5,5 17 32 48,0.06179720512,1
1,4500,4,0.3993723139,4,2.5,5 17 32 48,0.6673966144,4,2.5,5 17 32 48,0.03307397293,1
1,4750,4,0.4309005768,4,2.5,5 17 32 48,0.7116735481,4,2.5,5 17 32 48,0.0115000242,1
1,5000,4,0.4675570854,4,2.5,5 17 32 48,0.7577572721,4,2.5,5 17 32 48,0.002376645807,1
1,5250,4,0.5107319643,4,2.5,5 17 32 48,0.8043974907,4,2.5,5 17 32 48,0.0002467841434,1
1,5500,4,0.5592587169,4,2.5,5 17 32 48,0.8476286004,4,2.5,5 17 32 48,1.891596077e-05,1
1,5750,4,0.6119951454,4,2.5,5 17 32 48,0.87897185,4,2.5,5 17 32 48,5.184426194e-06,1
1,6000,4,0.6652532252,4,2.5,5 17 32 48,0.8965416814,4,2.5,5 17 32 48,3.669323134e-06,1
1,6250,4,0.7142013679,4,2.5,5 17 32 48,0.9057722471,4,2.5,5 17 32 48,2.974200796e-06,1
1,6500,4,0.755490192,4,2.5,5 17 32 48,0.9116540294,4,2.5,5 17 32 48,2.374940289e-06,1
1,6750,4,0.7887702894,4,2.5,5 17 32 48,0.9168410134,4,2.5,5 17 32 48,1.866750222e-06,1
1,7000,4,0.8149197178,4,2.5,5 17 32 48,0.9220853872,4,2.5,5 17 32 48,1.46303531e-06,1
1,7250,4,0.8353478407,4,2.5,5 17 32 48,0.9273941159,4,2.5,5 17 32 48,1.126829962e-06,1
1,7500,4,0.852282318,4,2.5,5 17 32 48,0.9336273324,4,2.5,5 17 32 48,7.960747296e-07,1
1,7506,4,0.8526641772,4,2.5,5 17 32 48,0.9337974012,4,2.5,5 17 32 48,7.881303819e-07,1
1,7750,4,0.867916544,4,2.5,5 17 32 48,0.9418593192,4,2.5,5 17 32 48,4.874114898e-07,1
1,8000,4,0.8843855659,4,2.5,5 17 32 48,0.952862372,4,2.5,5 17 32 48,2.578223171e-07,1
1,8250,4,0.9033495916,4,2.5,5 17 32 48,0.9663035764,4,2.5,5 17 32 48,1.284214317e-07,1
1,8500,4,0.9245401039,4,2.5,5 17 32 48,0.9796355527,4,2.5,5 17 32 48,7.526042842e-08,1
1,8750,4,0.9447797817,4,2.5,5 17 32 48,0.9892656361,4,2.5,5 17 32 48,5.855455048e-08,1
1,9000,4,0.9608202172,4,2.5,5 17 32 48,0.9943655147,4,2.5,5 17 32 48,5.395129353e-08,1
1,9250,4,0.9720546789,4,2.5,5 17 32 48,0.9965714136,4,2.5,5 17 32 48,5.279820351e-08,1
1,9500,4,0.9794716757,4,2.5,5 17 32 48,0.9974169573,4,2.5,5 17 32 48,5.247653652e-08,1
1,9750,4,0.9842644234,4,2.5,5 17 32 48,0.997700887,4,2.5,5 17 32 48,5.239089543e-08,1
1,10000,4,0.9873475418,4,2.5,5 17 32 48,0.9977643011,4,2.5,5 17 32 48,5.231171293e-08,1
1,10250,4,0.9893523964,4,2.5,5 17 32 48,0.9977397438,4,2.5,5 17 32 48,5.229291466e-08,1
1,10500,4,0.9906752577,4,2.5,5 17 32 48,0.9976787888,4,2.5,5 17 32 48,5.227754574e-08,1
1,10750,4,0.9915609861,4,2.5,5 17 32 48,0.9976023054,4,2.5,5 17 32 48,5.226124553e-08,1
1,11000,4,0.9921704111,4,2.5,5 17 32 48,0.9975169567,4,2.5,5 17 32 48,5.224825074e-08,1
1,11250,4,0.9925967288,4,2.5,5 17 32 48,0.9974247848,4,2.5,5 17 32 48,5.227922628e-08,1
1,11500,4,0.9929016249,4,2.5,5 17 32 48,0.9973276522,4,2.5,5 17 32 48,5.230781887e-08,1
1,11750,4,0.9931276437,4,2.5,5 17 32 48,0.9972268498,4,2.5,5 17 32 48,5.235304049e-08,1
1,12000,4,0.9932893985,4,2.5,5 17 32 48,0.9971244718,4,2.5,5 17 32 48,5.240546141e-08,1
1,12250,4,0.993409384,4,2.5,5 17 32 48,0.9970193177,4,2.5,5 17 32 48,5.24700299e-08,1
1,12500,4,0.9934927702,4,2.5,5 17 32 48,0.9969108293,4,2.5,5 17 32 48,5.254675713e-08,1
1,12750,4,0.9935535722,4,2.5,5 17 32 48,0.9967981243,4,2.5,5 17 32 48,5.261116172e-08,1
1,13000,4,0.9935956321,4,2.5,5 17 32 48,0.996682314,4,2.5,5 17 32 48,5.269390884e-08,1
1,13111,4,0.9936096329,4,2.5,5 17 32 48,0.9966299487,4,2.5,5 17 32 48,5.273483126e-08,1
1,13250,4,0.9936225286,4,2.5,5 17 32 48,0.9965638949,4,2.5,5 17 32 48,5.278553197e-08,1
1,13500,4,0.9936298358,4,2.5,5 17 32 48,0.9964399559,4,2.5,5 17 32 48,5.287331995e-08,1
1,13750,4,0.9936257478,4,2.5,5 17 32 48,0.9963105931,4,2.5,5 17 32 48,5.294284153e-08,1
1,14000,4,0.9936170881,4,2.5,5 17 32 48,0.9961781753,4,2.5,5 17 32 48,5.303332168e-08,1
1,14250,4,0.9935953766,4,2.5,5 17 32 48,0.9960451392,4,2.5,5 17 32 48,5.313995762e-08,1
1,14500,4,0.9935618419,4,2.5,5 17 32 48,0.995909516,4,2.5,5 17 32 48,5.325861621e-08,1
1,14750,4,0.993524122,4,2.5,5 17 32 48,0.9957732864,4,2.5,5 17 32 48,5.337445572e-08,1
1,15000,4,0.9934887198,4,2.5,5 17 32 48,0.9956367957,4,2.5,5 17 32 48,5.349445351e-08,1
1,22901,4,0.9915993461,4,2.5,5 17 32 48,0.9920810093,4,2.5,5 17 32 48,5.716252118e-08,1
1,40000,4,0.9822849926,4,2.5,5 17 32 48,0.9880202346,4,2.5,5 17 32 48,5.556991553e-08,1
2,0,5,0.09123105447,2,23.4,4 9 17 27 46,0.09332741383,0,17.2,7 43 46 50 51,4.759261234,0.009285154939
2,1,5,0.09136214628,2,23.4,4 9 17 27 46,0.09345812261,0,17,7 43 46 50 51,4.748683323,0.007830853563
2,2,5,0.0914620303,2,23.4,4 9 17 27 46,0.09346032117,0,16.8,7 43 46 50 51,4.747895241,0.007830853563
2,3,5,0.09155634701,2,23.4,4 9 17 27 46,0.09340714467,0,16.8,7 43 46 50 51,4.750123442,0.008166461573
2,5,5,0.09173389471,2,23.4,4 9 17 27 46,0.09325193583,0,17.2,7 32 46 50 51,4.754141973,0.008166461573
2,9,5,0.09214085699,2,23.4,4 9 17 27 46,0.09294731556,0,17.2,7 32 46 50 51,4.75462801,0.007495245553
2,16,5,0.09307834057,2,23.2,4 9 17 27 46,0.09250110205,0,17.4,32 43 46 50 51,4.756028109,0.007495245553
2,28,5,0.0953877169,2,19.2,4 9 17 27 46,0.09251668969,0,18.2,7 19 23 45 50,4.75068479,0.007495245553
2,50,5,0.09591179536,2,17.2,4 9 17 26 27,0.09408860533,0,17.8,7 32 45 48 50,4.761179844,0.01521422978
2,87,5,0.100748345,2,17.8,4 13 17 27 45,0.1120691727,3,7.6,4 5 7 27 45,4.770608711,0.01577357646
2,151,5,0.1143159892,3,16,4 5 17 27 45,0.1409683246,3,8.4,4 5 17 27 45,4.865802484,0.05571092963
2,250,5,0.1182075205,3,16.4,4 5 17 27 45,0.1482177501,3,9.2,4 5 17 27 45,4.481435657,0.08144087706
2,264,5,0.1187024721,3,16.4,4 5 17 27 45,0.1490494204,3,9.2,4 5 17 27 45,4.43206562,0.09050229332
2,462,5,0.1256136599,3,16.4,4 5 17 27 45,0.159971822,3,9.8,4 5 17 27 45,3.908821118,0.1318939479
2,500,5,0.1268779528,3,16,4 5 17 27 45,0.1620248129,3,9.6,4 5 17 27 45,3.824514345,0.1403960175
2,750,5,0.1349955094,3,15.8,4 5 17 27 45,0.1753279347,3,9.6,4 5 17 27 45,3.331160887,0.2020360219
2,806,5,0.1368622436,3,15.6,4 5 17 27 45,0.178345119,3,9.4,4 5 17 27 45,3.235457056,0.2112093075
2,1000,5,0.1432228877,3,15,4 5 17 27 45,0.1888429318,3,9.4,4 5 17 27 45,2.899127236,0.2802326882
2,1250,5,0.1504565394,3,14.8,4 5 17 27 45,0.2020793645,3,9.4,4 5 17 27 45,2.478923055,0.3659246001
2,1409,5,0.154463057,3,14.8,4 5 17 27 45,0.2097696238,3,9.4,4 5 17 27 45,2.214330228,0.3993735317
2,1500,5,0.1566712604,3,15,4 5 17 27 45,0.2138634264,3,9.4,4 5 17 27 45,2.080435816,0.4085468173
2,1750,5,0.1626711654,3,15.4,4 5 17 27 45,0.224687812,3,9.2,4 5 17 27 45,1.800449994,0.4447924824
2,2000,5,0.1689600812,3,15.2,4 5 17 27 45,0.2357642382,3,9.6,4 5 17 27 45,1.578006644,0.5003915427
2,2250,5,0.1758903308,3,15,4 5 17 27 45,0.2481937009,3,9.8,4 5 17 27 45,1.385064801,0.5469291867
2,2460,5,0.1820982401,3,15,4 5 17 27 45,0.2593938487,3,9.8,4 5 17 27 45,1.236287766,0.5819442891
2,2500,5,0.1833142702,3,15,4 5 17 27 45,0.2616298918,3,9.8,4 5 17 27 45,1.208984502,0.5829511131
2,2750,5,0.1913370455,3,14.6,4 5 17 27 45,0.2763819223,3,10,4 5 17 27 45,1.053999306,0.6185255621
2,3000,5,0.2000672915,3,14.4,4 5 17 27 45,0.2928262874,3,10,4 5 17 27 45,0.9123498702,0.6702091957
2,3250,5,0.2097885305,3,14,4 5 17 27 45,0.3115653573,3,10,4 5 17 27 45,0.7872554632,0.751426334
2,3500,5,0.220761687,3,14,4 5 17 27 45,0.3329580397,3,9.8,4 5 17 27 45,0.665705393,0.7768206735
2,3750,5,0.2333820533,3,13.6,4 5 17 27 45,0.3576876911,3,10,4 5 17 27 45,0.5485132082,0.8513256516
2,4000,5,0.2480387221,3,13.4,4 5 17 27 45,0.3867555785,3,10,4 5 17 27 45,0.4359679821,0.8513256516
2,4250,5,0.2649762367,3,12.6,4 5 17 27 45,0.4194361432,3,10,4 5 17 27 45,0.331500202,0.9154267815
2,4297,5,0.2683491259,3,12.6,4 5 17 27 45,0.4260031093,3,10.2,4 5 17 27 45,0.3126728778,0.9246000671
2,4500,5,0.283753708,3,12.8,4 5 17 27 45,0.4562353344,3,10.2,4 5 17 27 45,0.2378442999,0.9333258754
2,4750,5,0.3043993548,3,12.8,4 5 17 27 45,0.4970041296,3,11,4 5 17 27 45,0.157838527,0.9511130999
2,5000,5,0.3268136696,3,12.6,4 5 17 27 45,0.5407912302,3,11.4,4 5 17 27 45,0.09109378366,0.9805347354
2,5250,5,0.3516498984,3,12.6,4 5 17 27 45,0.5874098283,3,11.6,4 5 17 27 45,0.04184717349,0.9805347354
2,5500,5,0.3797656905,3,12.6,4 5 17 27 45,0.637118124,4,11.4,4 5 20 27 45,0.0122545448,1
2,5750,5,0.4120194657,3,12.6,4 5 17 27 45,0.6872650074,4,11.4,4 5 20 27 45,0.002141864253,1
2,6000,5,0.4483774899,3,12,4 5 17 27 45,0.7337350744,4,11.4,4 5 20 27 45,0.0003452290541,1
2,6250,5,0.4867297325,4,11,4 5 20 27 45,0.7725485044,4,11.4,4 5 20 27 45,6.328617945e-06,1
2,6500,5,0.5251955539,4,9.6,4 5 20 27 45,0.8017804488,4,11.4,4 5 20 27 45,9.855891595e-07,1
2,6750,5,0.5635778972,4,7,4 5 20 27 45,0.8221539004,4,11.2,4 5 20 27 45,2.12313187e-07,1
2,7000,5,0.6010913254,4,5.4,4 5 20 27 45,0.8348129054,4,10.2,4 5 20 27 45,6.391193302e-08,1
2,7250,5,0.6340905031,4,4.6,4 5 20 27 45,0.8427015483,4,3.8,4 5 20 27 45,3.033043335e-08,1
2,7500,5,0.6618790828,4,4.2,4 5 20 27 45,0.8503765324,4,3.4,4 5 20 27 45,2.310408195e-08,1
2,7506,5,0.6624939457,4,4.2,4 5 20 27 45,0.8505687351,4,3.4,4 5 20 27 45,2.301558108e-08,1
2,7750,5,0.6857766927,4,4.2,4 5 20 27 45,0.8585727747,4,3.4,4 5 20 27 45,1.990277902e-08,1
2,8000,5,0.7062449685,4,3.8,4 5 20 27 45,0.8668001881,4,3.2,4 5 20 27 45,1.786711868e-08,1
2,8250,5,0.7232274067,4,3.8,4 5 20 27 45,0.8748410683,4,3.2,4 5 20 27 45,1.780320583e-08,1
2,8500,5,0.7366606114,4,3.6,4 5 20 27 45,0.8826789526,4,3.2,4 5 20 27 45,2.03363202e-08,1
2,8750,5,0.7467997653,4,3.6,4 5 20 27 45,0.89067591,4,3.2,4 5 20 27 45,2.5855737e-08,1
2,9000,5,0.7549538053,4,3.6,4 5 20 27 45,0.8991647235,4,3.2,4 5 20 27 45,3.406898891e-08,1
2,9250,5,0.7632542196,4,3.6,4 5 20 27 45,0.9078006032,4,3.2,4 5 20 27 45,4.233554632e-08,1
2,9500,5,0.77233408,4,3.6,4 5 20 27 45,0.9162933313,4,3.2,4 5 20 27 45,4.874841864e-08,1
2,9750,5,0.7819129351,4,3.6,4 5 20 27 45,0.9246589194,4,3.2,4 5 20 27 45,5.354057323e-08,1
2,10000,5,0.7924621948,4,3.6,4 5 20 27 45,0.933516456,4,3.2,4 5 20 27 45,5.720866272e-08,1
2,10250,5,0.8048642297,4,3.6,4 5 20 27 45,0.9435728662,4,3.2,4 5 20 27 45,5.992074216e-08,1
2,10500,5,0.8200665014,4,3.4,4 5 20 27 45,0.9552501758,4,3.2,4 5 20 27 45,6.114187502e-08,1
2,10750,5,0.8387653671,4,3.4,4 5 20 27 45,0.9679381966,4,3.2,4 5 20 27 45,5.991536609e-08,1
2,11000,5,0.8596210317,4,3.2,4 5 20 27 45,0.979085129,4,3.2,4 5 20 27 45,5.75352934e-08,1
2,11250,5,0.8791971801,4,3.2,4 5 20 27 45,0.9862665018,4,3.2,4 5 20 27 45,5.61587921e-08,1
2,11500,5,0.8948698445,5,3,4 5 20 27 40,0.9897895307,5,3,4 5 20 27 40,5.157585699e-08,1
2,11750,5,0.9063842401,5,3,4 5 20 27 40,0.9912519336,5,3,4 5 20 27 40,5.201994817e-08,1
2,12000,5,0.9145574898,5,3,4 5 20 27 40,0.9918045562,5,3,4 5 20 27 40,5.295487061e-08,1
2,12250,5,0.9203170415,5,3,4 5 20 27 40,0.9919876257,5,3,4 5 20 27 40,5.398285097e-08,1
2,12500,5,0.9244114713,5,3,4 5 20 27 40,0.992022573,5,3,4 5 20 27 40,5.500536283e-08,1
2,12750,5,0.9273836978,5,3,4 5 20 27 40,0.9919948253,5,3,4 5 20 27 40,5.599329088e-08,1
2,13000,5,0.9295755369,5,3,4 5 20 27 40,0.9919357789,5,3,4 5 20 27 40,5.694970144e-08,1
2,13111,5,0.9303640873,5,3,4 5 20 27 40,0.9919055151,5,3,4 5 20 27 40,5.73617071e-08,1
2,13250,5,0.9312303638,5,3,4 5 20 27 40,0.9918640901,5,3,4 5 20 27 40,5.787044824e-08,1
2,13500,5,0.9325011667,5,3,4 5 20 27 40,0.9917793114,5,3,4 5 20 27 40,5.876941892e-08,1
2,13750,5,0.9334928145,5,3,4 5 20 27 40,0.9916897688,5,3,4 5 20 27 40,5.965441129e-08,1
2,14000,5,0.9342905136,5,3,4 5 20 27 40,0.9916001149,5,3,4 5 20 27 40,6.050849527e-08,1
2,14250,5,0.9349453996,5,3,4 5 20 27 40,0.9915087198,5,3,4 5 20 27 40,6.134358514e-08,1
2,14500,5,0.9354951632,5,3,4 5 20 27 40,0.9914186988,5,3,4 5 20 27 40,6.213778942e-08,1
2,14750,5,0.9359544371,5,3,4 5 20 27 40,0.991330395,5,3,4 5 20 27 40,6.289755037e-08,1
2,15000,5,0.9363418989,5,3,4 5 20 27 40,0.9912419989,5,3,4 5 20 27 40,6.365943804e-08,1
2,22901,5,0.9390411792,5,3,4 5 20 27 40,0.9894958654,5,3,4 5 20 27 40,7.723606355e-08,1
2,40000,5,0.9388538797,5,3,4 5 20 27 40,0.9887959983,5,3,4 5 20 27 40,8.065142833e-08,1
3,0,5,0.08815621825,0,29,17 22 30 43 51,0.091536264,0,19,30 38 47 52 53,4.769852379,0.009620762949
3,1,5,0.08817331686,0,29,17 22 30 43 51,0.09160816787,0,19,30 38 47 52 53,4.749218965,0.009620762949
3,2,5,0.08822114288,0,28.8,17 22 30 43 51,0.09170131654,0,19,30 38 47 52 53,4.744492408,0.008725808256
3,3,5,0.08827391708,0,28.8,17 22 30 43 51,0.09181181715,0,19,30 38 47 52 53,4.746242466,0.007830853563
3,5,5,0.08838705199,0,29.2,17 22 30 43 51,0.09202647437,0,18.4,30 38 47 52 53,4.753218267,0.007830853563
3,9,5,0.08872070795,0,28.2,17 20 30 43 51,0.09233956093,0,18.2,30 38 47 52 53,4.754694843,0.00760711489
3,16,5,0.08990238463,0,24.6,17 20 30 43 51,0.09259301375,0,17.8,30 38 47 52 53,4.754856747,0.007718984226
3,28,5,0.09357186686,1,16.8,6 17 30 43 51,0.09272556559,1,19.4,38 44 47 52 53,4.754299606,0.007495245553
3,50,5,0.1007171936,2,8.8,17 21 26 30 51,0.09468790498,1,19.6,34 44 47 52 53,4.7598364,0.007830853563
3,87,5,0.1120481638,3,4.6,6 17 21 26 51,0.1097897296,3,4.8,6 21 44 52 53,4.769223848,0.03221836895
3,151,5,0.1336577096,5,3,6 21 25 26 44,0.1477711046,5,3,6 21 25 26 44,4.714195662,0.08233583175
3,250,5,0.14055165,5,3,6 21 25 26 44,0.1576288042,5,3,6 21 25 26 44,4.362635775,0.07528806354
3,264,5,0.1413157119,5,3,6 21 25 26 44,0.1588795034,5,3,6 21 25 26 44,4.318506373,0.09106164
3,462,5,0.1516901741,5,3,6 21 25 26 44,0.1774504048,5,3,6 21 25 26 44,3.801465798,0.1420740575
3,500,5,0.1536272578,5,3,6 21 25 26 44,0.1811273125,5,3,6 21 25 26 44,3.71724132,0.1494574337
3,750,5,0.1659782237,5,3,6 21 25 26 44,0.2054713248,4,3.4,6 21 25 26 51,3.233144155,0.2503635753
3,806,5,0.1687184084,5,3,6 21 25 26 44,0.2107825998,4,3.4,6 21 25 26 51,3.14105787,0.2688220159
3,1000,5,0.1778333335,5,3,6 21 25 26 44,0.2284880858,4,3.4,6 21 25 26 51,2.854966835,0.3043964649
3,1250,5,0.1885749555,5,3,6 21 25 26 44,0.2497667084,4,3.2,6 21 25 26 51,2.53064543,0.3474661595
3,1409,5,0.1947267854,5,3,6 21 25 26 44,0.2616946364,4,3.2,6 21 25 26 51,2.326994877,0.3924376328
3,1500,5,0.1981011998,5,3,6 21 25 26 44,0.2680530235,4,3.2,6 21 25 26 51,2.224566689,0.4187269269
3,1750,5,0.2071669276,5,3,6 21 25 26 44,0.2853268745,4,3.2,6 21 25 26 51,1.982327197,0.4445687437
3,2000,5,0.2162997957,5,3,6 21 25 26 44,0.3032059097,5,3,6 21 25 26 44,1.771555015,0.488869001
3,2250,5,0.2258776455,5,3,6 21 25 26 44,0.3219457215,5,3,6 21 25 26 44,1.564251502,0.5530820002
3,2460,5,0.2344820063,5,3,6 21 25 26 44,0.3384720526,5,3,6 21 25 26 44,1.398736225,0.5713167021
3,2500,5,0.2361759376,5,3,6 21 25 26 44,0.3416788796,5,3,6 21 25 26 44,1.369852,0.5894395346
3,2750,5,0.2471599193,5,3,6 21 25 26 44,0.3623600303,5,3,6 21 25 26 44,1.186298711,0.6316142745
3,3000,5,0.2592717673,5,3,6 21 25 26 44,0.3842975207,5,3,6 21 25 26 44,0.9998144632,0.6959391431
3,3250,5,0.2723310409,5,3,6 21 25 26 44,0.4078491089,5,3,6 21 25 26 44,0.8116673936,0.7053361674
3,3500,5,0.2869043625,5,3,6 21 25 26 44,0.4333246315,5,3,6 21 25 26 44,0.6131853003,0.7679829959
3,3750,5,0.3030938388,5,3,6 21 25 26 44,0.4609860545,5,3,6 21 25 26 44,0.4246441842,0.8577022038
3,4000,5,0.3218991966,5,3,6 21 25 26 44,0.4923959241,5,3,6 21 25 26 44,0.2552956402,0.9522317933
3,4250,5,0.3446560931,5,3,6 21 25 26 44,0.5291698531,5,3,6 21 25 26 44,0.1208206999,0.9805347354
3,4297,5,0.3495054883,5,3,6 21 25 26 44,0.5369583711,5,3,6 21 25 26 44,0.1009144832,0.9907148451
3,4500,5,0.3730623797,5,3,6 21 25 26 44,0.5746437598,5,3,6 21 25 26 44,0.03756119705,0.9907148451
3,4750,5,0.4102796707,5,3,6 21 25 26 44,0.632674517,5,3,6 21 25 26 44,0.005142973046,1
3,5000,5,0.4583368881,5,3,6 21 25 26 44,0.7057165848,5,3,6 21 25 26 44,0.0002856226455,1
3,5250,5,0.5168542672,5,3,6 21 25 26 44,0.7898139612,5,3,6 21 25 26 44,7.598257631e-06,1
3,5500,5,0.5796578151,5,3,6 21 25 26 44,0.8666994273,5,3,6 21 25 26 44,2.869975633e-07,1
3,5750,5,0.6397035446,5,3,6 21 25 26 44,0.9215696868,5,3,6 21 25 26 44,3.541934308e-08,1
3,6000,5,0.6939152115,5,3,6 21 25 26 44,0.9551883275,5,3,6 21 25 26 44,1.562784803e-08,1
3,6250,5,0.7424917677,5,3,6 21 25 26 44,0.9740498201,5,3,6 21 25 26 44,1.733343115e-08,1
3,6500,5,0.7846724501,5,3,6 21 25 26 44,0.9843908038,5,3,6 21 25 26 44,2.618122067e-08,1
3,6750,5,0.8201059527,5,3,6 21 25 26 44,0.9906553325,5,3,6 21 25 26 44,3.949769975e-08,1
3,7000,5,0.8489677855,5,3,6 21 25 26 44,0.9945438727,5,3,6 21 25 26 44,5.109193178e-08,1
3,7250,5,0.8716853466,5,3,6 21 25 26 44,0.9966208842,5,3,6 21 25 26 44,5.801823484e-08,1
3,7500,5,0.8892734336,5,3,6 21 25 26 44,0.9976193345,5,3,6 21 25 26 44,6.164975588e-08,1
3,7506,5,0.8896453547,5,3,6 21 25 26 44,0.9976352415,5,3,6 21 25 26 44,6.170935777e-08,1
3,7750,5,0.9032280247,5,3,6 21 25 26 44,0.9980854804,5,3,6 21 25 26 44,6.351218955e-08,1
3,8000,5,0.91493571,5,3,6 21 25 26 44,0.9982872922,5,3,6 21 25 26 44,6.434819891e-08,1
3,8250,5,0.9254354429,5,3,6 21 25 26 44,0.9983551786,5,3,6 21 25 26 44,6.476489747e-08,1
3,8500,5,0.9351896972,5,3,6 21 25 26 44,0.9983499199,5,3,6 21 25 26 44,6.506442052e-08,1
3,8750,5,0.9441782768,5,3,6 21 25 26 44,0.9983055037,5,3,6 21 25 26 44,6.541080525e-08,1
3,9000,5,0.9521860564,5,3,6 21 25 26 44,0.9982389655,5,3,6 21 25 26 44,6.580295674e-08,1
3,9250,5,0.9591045911,5,3,6 21 25 26 44,0.9981612191,5,3,6 21 25 26 44,6.624071209e-08,1
3,9500,5,0.9649380277,5,3,6 21 25 26 44,0.9980745196,5,3,6 21 25 26 44,6.672015931e-08,1
3,9750,5,0.9697552203,5,3,6 21 25 26 44,0.9979829781,5,3,6 21 25 26 44,6.726573196e-08,1
3,10000,5,0.9737016898,5,3,6 21 25 26 44,0.9978865214,5,3,6 21 25 26 44,6.780853679e-08,1
3,10250,5,0.9769048977,5,3,6 21 25 26 44,0.9977843511,5,3,6 21 25 26 44,6.837481863e-08,1
3,10500,5,0.9794960323,5,3,6 21 25 26 44,0.9976792063,5,3,6 21 25 26 44,6.892724888e-08,1
3,10750,5,0.9815954071,5,3,6 21 25 26 44,0.9975705586,5,3,6 21 25 26 44,6.94640627e-08,1
3,11000,5,0.9832909376,5,3,6 21 25 26 44,0.9974617082,5,3,6 21 25 26 44,7.000636128e-08,1
3,11250,5,0.9846753608,5,3,6 21 25 26 44,0.9973556825,5,3,6 21 25 26 44,7.055092222e-08,1
3,11500,5,0.9858069631,5,3,6 21 25 26 44,0.9972505178,5,3,6 21 25 26 44,7.112033961e-08,1
3,11750,5,0.9867464793,5,3,6 21 25 26 44,0.9971454032,5,3,6 21 25 26 44,7.169974901e-08,1
3,12000,5,0.9875234626,5,3,6 21 25 26 44,0.9970387146,5,3,6 21 25 26 44,7.228218561e-08,1
3,12250,5,0.9881635141,5,3,6 21 25 26 44,0.9969291964,5,3,6 21 25 26 44,7.283993019e-08,1
3,12500,5,0.9886954872,5,3,6 21 25 26 44,0.9968144012,5,3,6 21 25 26 44,7.337538743e-08,1
3,12750,5,0.989143021,5,3,6 21 25 26 44,0.9966941816,5,3,6 21 25 26 44,7.384880351e-08,1
3,13000,5,0.9895171013,5,3,6 21 25 26 44,0.996564994,5,3,6 21 25 26 44,7.42179511e-08,1
3,13111,5,0.9896622091,5,3,6 21 25 26 44,0.9965043447,5,3,6 21 25 26 44,7.433754774e-08,1
3,13250,5,0.9898271842,5,3,6 21 25 26 44,0.9964256474,5,3,6 21 25 26 44,7.441267876e-08,1
3,13500,5,0.9900742423,5,3,6 21 25 26 44,0.9962739243,5,3,6 21 25 26 44,7.429610994e-08,1
3,13750,5,0.9902538805,5,3,6 21 25 26 44,0.9961174405,5,3,6 21 25 26 44,7.363154646e-08,1
3,14000,5,0.9903570715,5,3,6 21 25 26 44,0.9959884562,5,3,6 21 25 26 44,7.197417148e-08,1
3,14250,5,0.9903948088,5,3,6 21 25 26 44,0.9959940199,5,3,6 21 25 26 44,6.883273728e-08,1
3,14500,5,0.9904307775,5,3,6 21 25 26 44,0.9962985663,5,3,6 21 25 26 44,6.468890415e-08,1
3,14750,5,0.9905200092,5,3,6 21 25 26 44,0.9968127499,5,3,6 21 25 26 44,6.155475768e-08,1
3,15000,5,0.9906167055,5,3,6 21 25 26 44,0.9972541468,5,3,6 21 25 26 44,5.993463757e-08,1
3,22901,5,0.9921513421,5,3,6 21 25 26 44,0.9979660739,4,10.6,6 21 26 44 48,6.22906406e-08,1
3,40000,5,0.9790890388,5,3,6 21 25 26 44,0.9979188391,4,6.6,6 21 26 44 48,5.178380262e-08,1
4,0,4,0.06944630769,0,31.25,8 51 54 55,0.07166918847,0,26.75,3 13 29 51,4.765277073,0.009620762949
4,1,4,0.06949487649,0,31.25,8 51 54 55,0.0716627083,1,27.25,3 13 33 51,4.749237434,0.009620762949
4,2,4,0.06952917919,0,30.75,8 51 54 55,0.0716585139,1,27.5,3 13 33 51,4.746987048,0.007830853563
4,3,4,0.06956533188,0,31,8 51 54 55,0.07168077939,1,27.75,3 13 33 51,4.749477359,0.007830853563
4,5,4,0.06966073824,0,29.5,8 51 54 55,0.07181256952,1,27.25,3 13 33 51,4.755094062,0.007830853563
4,9,4,0.07000564862,0,27.75,8 41 51 54,0.07214701658,1,26.5,3 13 33 51,4.757877542,0.008054592236
4,16,4,0.07109981319,0,24.5,8 14 41 54,0.0727282935,1,24.25,3 29 33 51,4.755374761,0.007495245553
4,28,4,0.07375075284,0,17.25,8 38 41 54,0.07434448246,1,21.5,13 29 33 51,4.752899363,0.01510236044
4,50,4,0.07803051366,1,9.75,8 33 45 54,0.07847110397,1,14,3 29 33 51,4.762089136,0.007495245553
4,87,4,0.08751401233,3,3.5,21 33 54 56,0.08809518049,3,3.25,3 21 46 56,4.782476559,0.007495245553
4,151,4,0.1040359679,3,2.75,21 46 54 56,0.1132973661,3,3.75,3 21 46 56,4.858150727,0.04295782526
4,250,4,0.1090061852,3,2.75,21 46 54 56,0.1201207811,3,3.75,3 21 46 56,4.538341733,0.05873140172
4,264,4,0.109621942,3,2.75,21 46 54 56,0.1209685966,3,3.75,3 21 46 56,4.503345804,0.05873140172
4,462,4,0.1176319378,3,2.75,21 46 54 56,0.1322701016,3,3.25,3 21 46 56,4.111688165,0.09106164
4,500,4,0.1190656316,3,2.75,21 46 54 56,0.1342303655,3,3.25,3 21 46 56,4.049685777,0.09978744826
4,750,4,0.1275563794,3,2.75,21 46 54 56,0.1465331202,3,3.25,3 21 46 56,3.700426934,0.1343550733
4,806,4,0.1294213433,3,2.75,21 46 54 56,0.1491762048,3,3.25,21 46 54 56,3.630770063,0.1427452735
4,1000,4,0.1353597733,3,2.75,21 46 54 56,0.1580738537,3,3,21 46 54 56,3.410149421,0.1755229891
4,1250,4,0.1424867735,3,2.75,21 46 54 56,0.1686547421,3,2.75,21 46 54 56,3.175470193,0.1855912294
4,1409,4,0.146700203,3,2.75,21 46 54 56,0.1745174419,3,2.75,21 46 54 56,3.026888853,0.1945407764
4,1500,4,0.1489474177,3,2.75,21 46 54 56,0.1775651782,3,2.75,21 46 54 56,2.94974071,0.2125517396
4,1750,4,0.154571479,3,2.75,21 46 54 56,0.1853900153,3,2.75,21 46 54 56,2.782879511,0.2380579483
4,2000,4,0.1600104945,3,2.75,21 46 54 56,0.192932493,3,2.75,21 46 54 56,2.642589108,0.2816869896
4,2250,4,0.165190708,3,2.75,21 46 54 56,0.2007854688,3,2.75,21 46 54 56,2.511674221,0.2992504754
4,2460,4,0.1695855885,3,2.75,21 46 54 56,0.2077284862,3,2.75,21 46 54 56,2.406222882,0.3253160309
4,2500,4,0.1704592432,3,2.75,21 46 54 56,0.2090682514,3,2.75,21 46 54 56,2.385777558,0.3337062311
4,2750,4,0.1760553496,3,2.75,21 46 54 56,0.2175405177,3,2.75,21 46 54 56,2.256795438,0.3589887012
4,3000,4,0.1819303942,3,2.75,21 46 54 56,0.2262350777,3,2.75,21 46 54 56,2.129496035,0.3759928404
4,3250,4,0.188006552,3,2.75,21 46 54 56,0.2354264929,3,2.75,21 46 54 56,2.005753463,0.4111198121
4,3500,4,0.1941620802,3,2.75,21 46 54 56,0.2453884453,3,2.75,21 46 54 56,1.880696191,0.419733751
4,3750,4,0.2004145459,3,2.75,21 46 54 56,0.2558636812,3,2.75,21 46 54 56,1.754336371,0.4553082
4,4000,4,0.2069557367,3,2.75,21 46 54 56,0.2666269239,3,2.75,21 46 54 56,1.635911166,0.4986016333
4,4250,4,0.2137309894,3,2.75,21 46 54 56,0.2777322829,3,2.75,21 46 54 56,1.517776896,0.5167244658
4,4297,4,0.2150015468,3,2.75,21 46 54 56,0.2798460339,3,2.75,21 46 54 56,1.496300922,0.5348472984
4,4500,4,0.2205972865,3,2.75,21 46 54 56,0.289243473,3,2.75,21 46 54 56,1.398069651,0.5274639221
4,4750,4,0.2276809201,3,2.75,21 46 54 56,0.3017513947,3,2.75,21 46 54 56,1.274723232,0.6051012417
4,5000,4,0.2351843555,3,2.75,21 46 54 56,0.3151322532,4,2.5,21 33 46 56,1.148488084,0.6594697393
4,5250,4,0.2431493719,3,2.75,21 46 54 56,0.3294955994,4,2.5,21 33 46 56,1.023629721,0.6975053138
4,5500,4,0.2517171012,3,2.75,21 46 54 56,0.3452124548,4,2.5,21 33 46 56,0.9000512875,0.7346459335
4,5750,4,0.2609347422,3,2.75,21 46 54 56,0.3623179771,4,2.5,21 33 46 56,0.7735140102,0.7792817989
4,6000,4,0.2710993955,3,2.75,21 46 54 56,0.3812547182,4,2.5,21 33 46 56,0.6497592056,0.8150799866
4,6250,4,0.2823278786,3,2.75,21 46 54 56,0.4022252155,4,2.5,21 33 46 56,0.5309935988,0.8325316031
4,6500,4,0.2949819968,3,2.75,21 46 54 56,0.425395474,4,2.5,21 33 46 56,0.4121190005,0.8970802103
4,6750,4,0.3092408531,3,2.75,21 46 54 56,0.4519737469,4,2.5,21 33 46 56,0.296600438,0.9336614834
4,7000,4,0.3257256799,3,2.75,21 46 54 56,0.4830336275,4,2.5,21 33 46 56,0.1939217343,0.9521199239
4,7250,4,0.3452642035,4,2.5,21 33 46 56,0.5204591868,4,2.5,21 33 46 56,0.1060003551,0.9804228661
4,7500,4,0.3694128565,4,2.5,21 33 46 56,0.566522433,4,2.5,21 33 46 56,0.04812441924,0.9804228661
4,7506,4,0.3700542638,4,2.5,21 33 46 56,0.5677407306,4,2.5,21 33 46 56,0.04704364341,0.9804228661
4,7750,4,0.3986704771,4,2.5,21 33 46 56,0.6223018048,4,2.5,21 33 46 56,0.01342782668,1
4,8000,4,0.4345725832,4,2.5,21 33 46 56,0.6858976156,4,2.5,21 33 46 56,0.001645373749,1
4,8250,4,0.4760720456,4,2.5,21 33 46 56,0.7509705218,4,2.5,21 33 46 56,0.0001384680319,1
4,8500,4,0.5206970917,4,2.5,21 33 46 56,0.8088005909,4,2.5,21 33 46 56,1.750099542e-05,1
4,8750,4,0.5655177075,4,2.5,21 33 46 56,0.8549380845,4,2.5,21 33 46 56,3.329733994e-06,1
4,9000,4,0.6105503616,4,2.5,21 33 46 56,0.891969422,4,2.5,21 33 46 56,7.61955529e-07,1
4,9250,4,0.6578200187,4,2.5,21 33 46 56,0.9230661428,4,2.5,21 33 46 56,2.143650482e-07,1
4,9500,4,0.7038328669,4,2.5,21 33 46 56,0.9465909558,4,2.5,21 33 46 56,1.155928367e-07,1
4,9750,4,0.7459897025,4,2.5,21 33 46 56,0.9632466832,4,2.5,21 33 46 56,8.799585415e-08,1
4,10000,4,0.784647575,4,2.5,21 33 46 56,0.9754956943,4,2.5,21 33 46 56,7.925166217e-08,1
4,10250,4,0.8196222243,4,2.5,21 33 46 56,0.9847609606,4,2.5,21 33 46 56,7.039538331e-08,1
4,10500,4,0.8499943983,4,2.5,21 33 46 56,0.9913390779,4,2.5,21 33 46 56,6.313446249e-08,1
4,10750,4,0.8754384257,4,2.5,21 33 46 56,0.9953498467,4,2.5,21 33 46 56,5.971534802e-08,1
4,11000,4,0.8960946879,4,2.5,21 33 46 56,0.9973058414,4,2.5,21 33 46 56,5.882396367e-08,1
4,11250,4,0.9125727147,4,2.5,21 33 46 56,0.9980015757,4,2.5,21 33 46 56,5.917921767e-08,1
4,11500,4,0.9255748343,4,2.5,21 33 46 56,0.9980306856,4,2.5,21 33 46 56,6.011561096e-08,1
4,11750,4,0.9357728609,4,2.5,21 33 46 56,0.9977113304,4,2.5,21 33 46 56,6.138320394e-08,1
4,12000,4,0.9437655893,4,2.5,21 33 46 56,0.997193905,4,2.5,21 33 46 56,6.291734974e-08,1
4,12250,4,0.9500677782,4,2.5,21 33 46 56,0.9965494443,4,2.5,21 33 46 56,6.465445376e-08,1
4,12500,4,0.9550921209,4,2.5,21 33 46 56,0.9958181255,4,2.5,21 33 46 56,6.672593673e-08,1
4,12750,4,0.9591323885,4,2.5,21 33 46 56,0.9950135663,4,2.5,21 33 46 56,6.905835303e-08,1
4,13000,4,0.9623723524,4,2.5,21 33 46 56,0.9941588492,4,2.5,21 33 46 56,7.166887757e-08,1
4,13111,4,0.9636188959,4,2.5,21 33 46 56,0.9937647093,4,2.5,21 33 46 56,7.290246384e-08,1
4,13250,4,0.9650381589,4,2.5,21 33 46 56,0.9932626895,4,2.5,21 33 46 56,7.448921564e-08,1
4,13500,4,0.9672414594,4,2.5,21 33 46 56,0.9923457054,4,2.5,21 33 46 56,7.756228162e-08,1
4,13750,4,0.9690857094,4,2.5,21 33 46 56,0.9914153638,4,2.5,21 33 46 56,8.080174065e-08,1
4,14000,4,0.9706326231,4,2.5,21 33 46 56,0.9904804928,4,2.5,21 33 46 56,8.422031507e-08,1
4,14250,4,0.9719205336,4,2.5,21 33 46 56,0.9895383752,4,2.5,21 33 46 56,8.778218847e-08,1
4,14500,4,0.9729805091,4,2.5,21 33 46 56,0.9886022283,4,2.5,21 33 46 56,9.131730216e-08,1
4,14750,4,0.9738332206,4,2.5,21 33 46 56,0.9876860313,4,2.5,21 33 46 56,9.489005998e-08,1
4,15000,4,0.9745159544,4,2.5,21 33 46 56,0.9867967971,4,2.5,21 33 46 56,9.839259782e-08,1
4,22901,4,0.9624890973,4,2.5,21 33 46 56,0.9737086261,4,2.5,21 33 46 56,8.990960978e-08,1
4,40000,4,0.9036018287,4,2.5,21 33 46 56,0.9539784085,4,2.5,21 33 46 56,5.27275474e-07,1
5,0,5,0.09308154872,0,19.2,7 24 34 46 51,0.09346547164,2,17.6,19 32 45 48 49,4.767111415,0.008725808256
5,1,5,0.09310227296,0,19.2,7 24 34 46 51,0.09341410604,2,17.8,19 32 45 48 49,4.748850813,0.008166461573
5,2,5,0.09314806576,0,19.2,7 24 34 46 51,0.09337744787,2,17.8,19 32 45 48 49,4.74587796,0.008166461573
5,3,5,0.09320622366,0,19,7 24 34 46 51,0.09336098062,2,18.2,19 32 45 48 49,4.748738297,0.008278330909
5,5,5,0.09335167514,0,19.2,7 24 34 46 51,0.09341734332,2,18.6,19 32 45 48 49,4.75485581,0.008278330909
5,9,5,0.09372875831,1,19,5 24 34 46 51,0.09369929111,2,18.2,19 32 45 48 49,4.755704383,0.00760711489
5,16,5,0.09457918936,2,17.6,5 24 34 42 51,0.09425458663,2,17.6,19 32 45 48 49,4.756210675,0.007495245553
5,28,5,0.09647883819,2,15.4,5 24 34 42 51,0.0959158731,2,17.2,19 28 32 45 48,4.753969615,0.007495245553
5,50,5,0.09841895029,2,12.6,5 24 34 42 51,0.1009349577,1,17.4,3 4 19 22 48,4.758497821,0.007495245553
5,87,5,0.1078743186,2,13.4,5 7 24 48 51,0.1144681914,1,15.4,4 24 46 48 56,4.718125921,0.03948987583
5,151,5,0.1264852808,3,11.6,5 7 24 45 48,0.150410587,2,13.8,4 7 24 45 48,4.498799297,0.04776820673
5,250,5,0.131695338,3,11.2,5 7 24 45 48,0.1591320797,3,13.2,4 24 42 45 48,4.093947362,0.06466047656
5,264,5,0.1323423469,3,11.4,5 7 24 45 48,0.1602190811,3,13.2,4 24 42 45 48,4.046992957,0.06466047656
5,462,5,0.1406623779,3,11.6,4 5 24 45 48,0.1750780984,3,12.6,4 24 42 45 48,3.37065815,0.1477793937
5,500,5,0.1421307281,3,11.6,4 5 24 45 48,0.177959632,3,12.2,4 24 42 45 48,3.272591389,0.1652310102
5,750,5,0.1519285927,3,11.8,4 5 24 45 48,0.1969556361,3,11.2,4 24 42 45 48,2.734920505,0.2766528694
5,806,5,0.1540618157,3,12,4 5 24 45 48,0.2011220989,3,11.2,4 24 42 45 48,2.635346084,0.2766528694
5,1000,5,0.1611683148,3,11.6,4 5 24 45 48,0.2155958098,3,11,4 24 42 45 48,2.340449638,0.330350151
5,1250,5,0.1696864961,3,11.4,4 5 24 45 48,0.2325350985,3,11.2,4 5 24 45 48,2.02411729,0.3922138942
5,1409,5,0.1747801125,3,11.4,4 5 24 45 48,0.2420763965,3,10.8,4 5 24 45 48,1.83765128,0.4547488533
5,1500,5,0.177672191,3,11.4,4 5 24 45 48,0.2473017189,3,10.8,4 5 24 45 48,1.741827595,0.4822687101
5,1750,5,0.1854790235,3,11.2,4 5 24 45 48,0.2612446548,3,10.4,4 5 24 45 48,1.515998166,0.5266808368
5,2000,5,0.1933014388,3,11.2,4 5 24 45 48,0.2753423467,3,10.4,4 5 24 45 48,1.320548242,0.5533057389
5,2250,5,0.2014439729,3,11.4,4 5 24 45 48,0.2900521991,3,10.2,4 5 24 45 48,1.137151941,0.614498266
5,2460,5,0.2085936319,3,11.8,4 5 24 45 48,0.3032308987,3,10,4 5 24 45 48,0.9888837468,0.7305067681
5,2500,5,0.2100336829,3,11.8,4 5 24 45 48,0.3058581174,3,10,4 5 24 45 48,0.9609624133,0.7305067681
5,2750,5,0.2196388546,3,11.8,4 5 24 45 48,0.3231043233,4,9.8,5 24 42 45 48,0.7954940639,0.7774918895
5,3000,5,0.230263595,3,12,4 5 24 45 48,0.3423186691,4,9.8,5 24 42 45 48,0.6325732019,0.8132900772
5,3250,5,0.2424698263,3,11.8,4 5 24 45 48,0.3639064201,4,10.2,5 24 42 45 48,0.4752736949,0.8597158519
5,3500,5,0.2571343422,4,11.6,5 24 42 45 48,0.3898720152,4,10.4,5 24 42 45 48,0.2963229055,0.9222508111
5,3750,5,0.2752622855,4,11.6,5 24 42 45 48,0.4221830748,4,11,5 24 42 45 48,0.1559577818,0.9614050789
5,4000,5,0.2990493408,4,11.4,5 24 42 45 48,0.4642414567,4,11.4,5 24 42 45 48,0.06086951283,0.9801991274
5,4250,5,0.3318099153,4,11.4,5 24 42 45 48,0.5203608615,4,11.2,5 24 42 45 48,0.01443211335,1
5,4297,5,0.3391882116,4,11.2,5 24 42 45 48,0.5329182221,4,11.2,5 24 42 45 48,0.009934682379,1
5,4500,5,0.37515085,4,10.8,5 24 42 45 48,0.5940327791,4,11,5 24 42 45 48,0.001055347399,1
5,4750,5,0.4268219683,4,9.8,5 24 42 45 48,0.6801586191,4,11,5 24 42 45 48,2.294058077e-05,1
5,5000,5,0.4797564199,4,7.4,5 24 42 45 48,0.7560464224,4,10.8,5 24 42 45 48,1.002758506e-06,1
5,5250,5,0.5282851109,4,5.8,5 24 42 45 48,0.8102030602,4,9.6,5 24 42 45 48,1.723460256e-07,1
5,5500,5,0.5721858399,4,4.6,5 24 42 45 48,0.8473494971,4,8.8,5 24 42 45 48,7.333817225e-08,1
5,5750,5,0.6131998671,4,4.4,5 24 42 45 48,0.8718022536,4,7.8,5 24 42 45 48,5.44063043e-08,1
5,6000,5,0.6523120816,4,4.2,5 24 42 45 48,0.8860614771,4,7.6,5 24 42 45 48,4.715686618e-08,1
5,6250,5,0.6874801177,4,3.8,5 24 42 45 48,0.8936118851,4,8,5 24 42 45 48,4.355962969e-08,1
5,6500,5,0.717508516,4,3.8,5 24 42 45 48,0.8979900015,4,8.8,5 24 42 45 48,4.130128251e-08,1
5,6750,5,0.7423795029,4,4,5 24 42 45 48,0.9008957579,4,10.8,5 24 42 45 48,4.001409445e-08,1
5,7000,5,0.7622221698,4,3.8,5 24 42 45 48,0.9026472257,4,12,5 24 42 45 48,4.04561171e-08,1
5,7250,5,0.777159513,4,3.6,5 24 42 45 48,0.9034377317,4,12.6,5 24 42 45 48,4.23250945e-08,1
5,7500,5,0.787864833,4,3.6,5 24 42 45 48,0.9036897802,4,12.8,5 24 42 45 48,4.423278781e-08,1
5,7506,5,0.7880777238,4,3.6,5 24 42 45 48,0.9036920852,4,12.8,5 24 42 45 48,4.427201012e-08,1
5,7750,5,0.7953964485,4,3.6,5 24 42 45 48,0.9037384869,4,13.2,5 24 42 45 48,4.578262543e-08,1
5,8000,5,0.8006618649,4,3.6,5 24 42 45 48,0.9037215746,4,13.2,5 24 42 45 48,4.700663018e-08,1
5,8250,5,0.804406794,4,3.6,5 24 42 45 48,0.9036834052,4,13.2,5 24 42 45 48,4.811184651e-08,1
5,8500,5,0.8071257711,4,3.6,5 24 42 45 48,0.9036590962,4,13.2,5 24 42 45 48,4.903007422e-08,1
5,8750,5,0.8091334003,4,3.6,5 24 42 45 48,0.9036635689,4,13.2,5 24 42 45 48,4.987674628e-08,1
5,9000,5,0.8107096623,4,3.6,5 24 42 45 48,0.9036920179,4,13.2,5 24 42 45 48,5.063298096e-08,1
5,9250,5,0.8119661949,4,3.6,5 24 42 45 48,0.903740138,4,13.2,5 24 42 45 48,5.141829474e-08,1
5,9500,5,0.8130205091,4,3.6,5 24 42 45 48,0.9037979303,4,13.2,5 24 42 45 48,5.215122214e-08,1
5,9750,5,0.8139298594,4,3.6,5 24 42 45 48,0.9038569845,4,13.2,5 24 42 45 48,5.284774721e-08,1
5,10000,5,0.8147535242,4,3.6,5 24 42 45 48,0.903910902,4,13.2,5 24 42 45 48,5.349124136e-08,1
5,10250,5,0.8155202293,4,3.4,5 24 42 45 48,0.9039742725,4,13.2,5 24 42 45 48,5.411927599e-08,1
5,10500,5,0.81623881,4,3.4,5 24 42 45 48,0.904071447,4,13.2,5 24 42 45 48,5.472883202e-08,1
5,10750,5,0.8169225946,4,3.4,5 24 42 45 48,0.9041779074,4,13.2,5 24 42 45 48,5.533806007e-08,1
5,11000,5,0.8175515323,4,3.2,5 24 42 45 48,0.9042853513,4,13.2,5 24 42 45 48,5.589775077e-08,1
5,11250,5,0.8181561255,4,3.2,5 24 42 45 48,0.9043994813,4,13.2,5 24 42 45 48,5.644280318e-08,1
5,11500,5,0.8187573037,4,3.2,5 24 42 45 48,0.9045209392,4,13.2,5 24 42 45 48,5.701976519e-08,1
5,11750,5,0.8193515052,4,3.2,5 24 42 45 48,0.9046579075,4,12.8,5 24 42 45 48,5.759756343e-08,1
5,12000,5,0.8199176235,4,3.2,5 24 42 45 48,0.9048035486,4,12.8,5 24 42 45 48,5.819725794e-08,1
5,12250,5,0.820484109,4,3.2,5 24 42 45 48,0.9049490013,4,12.8,5 24 42 45 48,5.879877369e-08,1
5,12500,5,0.8210558383,4,3.2,5 24 42 45 48,0.9051088611,4,12.8,5 24 42 45 48,5.941627694e-08,1
5,12750,5,0.8216288861,4,3.2,5 24 42 45 48,0.9052749659,4,12.8,5 24 42 45 48,6.00588111e-08,1
5,13000,5,0.8222049262,4,3.2,5 24 42 45 48,0.9054389095,4,12.8,5 24 42 45 48,6.072107506e-08,1
5,13111,5,0.8224662292,4,3.2,5 24 42 45 48,0.9055171147,4,12.8,5 24 42 45 48,6.102374046e-08,1
5,13250,5,0.8227998617,4,3.2,5 24 42 45 48,0.9056178933,4,12.6,5 24 42 45 48,6.144396274e-08,1
5,13500,5,0.823432933,4,3.2,5 24 42 45 48,0.9058058194,4,12.2,5 24 42 45 48,6.21731786e-08,1
5,13750,5,0.8240941182,4,3.2,5 24 42 45 48,0.9060002056,4,12,5 24 42 45 48,6.291323861e-08,1
5,14000,5,0.8247736632,4,3.2,5 24 42 45 48,0.9062076932,4,11.6,5 24 42 45 48,6.374341133e-08,1
5,14250,5,0.8254512851,4,3.2,5 24 42 45 48,0.906441034,4,11,5 24 42 45 48,6.456390925e-08,1
5,14500,5,0.8261448009,4,3.2,5 24 42 45 48,0.9066925709,4,10.2,5 24 42 45 48,6.542535315e-08,1
5,14750,5,0.8268704208,4,3.2,5 24 42 45 48,0.9069481505,4,9.8,5 24 42 45 48,6.630583032e-08,1
5,15000,5,0.8276437515,4,3.2,5 24 42 45 48,0.9072091797,4,9.2,5 24 42 45 48,6.731183792e-08,1
5,22901,5,0.8638749536,4,3.2,5 24 42 45 48,0.8970118573,4,4.2,5 24 42 45 48,1.352601373e-07,1
5,40000,5,0.9904855808,5,3,5 29 42 45 48,0.997637244,4,12,5 42 45 48 50,4.040803193e-08,1
6,0,4,0.07583392047,1,16.25,4 17 26 29,0.0651189588,0,41.5,17 41 46 56,4.771534057,0.009061416266
6,1,4,0.07587648714,1,16.25,4 17 26 29,0.06522722846,0,41,17 41 46 56,4.751428902,0.008502069583
6,2,4,0.07592316742,1,16.25,4 17 26 29,0.06528309624,0,41,17 41 46 56,4.744684482,0.008502069583
6,3,4,0.07597354705,1,16.25,4 16 26 29,0.06532255375,0,40.75,17 41 46 56,4.744032937,0.00760711489
6,5,4,0.07606222639,1,16,4 16 26 29,0.06539971438,0,40.5,17 41 46 56,4.748304536,0.008166461573
6,9,4,0.07625280271,1,15.75,4 16 26 29,0.06554100842,0,40.5,17 41 46 56,4.752594402,0.007718984226
6,16,4,0.07674649733,1,15.75,4 16 26 29,0.06597774238,0,40,17 41 46 56,4.754420648,0.007830853563
6,28,4,0.07773489132,2,16.5,4 5 26 29,0.06768922745,0,37,2 17 41 45,4.754398844,0.007718984226
6,50,4,0.0781629599,2,17,4 5 26 48,0.06869238923,1,36.5,5 17 41 48,4.756305172,0.007718984226
6,87,4,0.07962901533,2,19.75,4 5 6 56,0.0772670218,1,24,5 17 48 50,4.804720351,0.008278330909
6,151,4,0.09005587736,2,17.5,4 5 6 56,0.09790489483,2,18.75,4 5 48 56,5.13219469,0.0250587314
6,250,4,0.09318145784,2,16.5,4 5 6 56,0.1043402336,2,18,4 5 48 56,4.787680113,0.04206287057
6,264,4,0.09351882341,2,16.5,4 5 6 56,0.1051120559,2,18,4 5 48 56,4.748416968,0.04206287057
6,462,4,0.09855548504,2,16.25,4 5 48 56,0.1155581562,2,18,4 5 48 56,4.338473398,0.07562367155
6,500,4,0.09945516232,2,16.25,4 5 48 56,0.1173755792,2,17.75,4 5 48 56,4.279257749,0.08423761047
6,750,4,0.105574777,2,16,4 5 48 56,0.1294703489,2,17.75,4 5 48 56,3.952243485,0.1172390648
6,806,4,0.106919902,2,16,4 5 48 56,0.1321892125,2,17.5,4 5 48 56,3.891565459,0.1420740575
6,1000,4,0.1114720614,2,16,4 5 48 56,0.1414426831,2,17.25,4 5 48 56,3.703674962,0.1570645486
6,1250,4,0.1165468403,2,16.25,4 5 48 56,0.1526097887,2,17.25,4 5 48 56,3.473046777,0.1746280345
6,1409,4,0.119574757,2,16.25,4 5 48 56,0.1587293116,2,17.25,4 5 48 56,3.301944665,0.1746280345
6,1500,4,0.1212965762,2,16.25,4 5 48 56,0.1620635232,2,17.25,4 5 48 56,3.212203629,0.192415259
6,1750,4,0.1260413893,2,16.25,4 5 48 56,0.1712090866,2,17.25,4 5 48 56,3.014575636,0.2110974382
6,2000,4,0.1307861192,2,16.25,4 5 48 56,0.1806309506,2,17.25,4 5 48 56,2.839135983,0.2543908715
6,2250,4,0.1356942558,2,16.25,4 5 48 56,0.190411336,2,17.25,4 5 6 56,2.668602027,0.2994742141
6,2460,4,0.1399476682,2,16.25,4 5 48 56,0.1989625981,2,17.25,4 5 6 56,2.531714971,0.3258753776
6,2500,4,0.1407969823,2,16.25,4 5 48 56,0.2006335588,2,17.25,4 5 6 56,2.506384385,0.3258753776
6,2750,4,0.1464574131,2,16.25,4 5 48 56,0.2115903598,2,17.25,4 5 6 56,2.346473558,0.3262109856
6,3000,4,0.1522086247,2,16.25,4 5 48 56,0.2232799109,2,17,4 5 6 56,2.186882343,0.3614498266
6,3250,4,0.1584803871,2,16.25,4 5 6 56,0.2357596118,2,16.5,4 5 6 56,1.983802483,0.4110079427
6,3500,4,0.1652516199,2,16.25,4 5 6 56,0.2488597367,2,16.25,4 5 6 56,1.842096274,0.422083007
6,3750,4,0.1723954627,2,16.25,4 5 6 56,0.2623519455,2,16.25,4 5 6 56,1.697020413,0.4498266025
6,4000,4,0.1797666598,2,16,4 5 6 56,0.2762760567,2,16.25,4 5 6 56,1.539713539,0.5102360443
6,4250,4,0.1873197327,2,16,4 5 6 56,0.2906626398,2,15.75,4 5 6 56,1.389547232,0.5837341985
6,4297,4,0.1887549189,2,16,4 5 6 56,0.2934201534,2,15.75,4 5 6 56,1.361507502,0.5837341985
6,4500,4,0.1952099892,2,16,4 5 6 56,0.3059116817,2,15.75,4 5 6 56,1.246821941,0.6081217138
6,4750,4,0.2035896261,2,16,4 5 6 56,0.3231764519,2,15.5,4 5 6 56,1.11558916,0.634746616
6,5000,4,0.2124756335,2,15.75,4 5 6 56,0.3427041714,3,15.25,4 5 35 56,0.9928931387,0.6894507216
6,5250,4,0.2221243416,3,15.5,4 5 35 56,0.3644157671,3,15.25,4 5 35 56,0.7065401743,0.7792817989
6,5500,4,0.2324307426,3,15.25,4 5 35 56,0.3886402427,3,15,4 5 35 56,0.5725337868,0.8063541783
6,5750,4,0.2438510459,3,15,4 5 35 56,0.4157326539,3,15,4 5 35 56,0.4393948939,0.8883544021
6,6000,4,0.2563251854,3,15,4 5 35 56,0.4460365103,3,15,4 5 35 56,0.3191958714,0.8971920797
6,6250,4,0.2697762269,3,14.75,4 5 35 56,0.477711107,3,15,4 5 35 56,0.2212013613,0.9353395234
6,6500,4,0.2842702277,3,14.25,4 5 35 56,0.5095983603,3,15,4 5 35 56,0.142230864,0.9714733192
6,6750,4,0.2999400083,3,12.75,4 5 35 56,0.5411980914,3,14.5,4 5 35 56,0.08260317816,0.9813178208
6,7000,4,0.3174414771,3,12,4 5 35 56,0.5727555763,3,14.5,4 5 35 56,0.03934788579,0.9909385837
6,7250,4,0.3368663108,3,11.75,4 5 35 56,0.6044672317,3,14.25,4 5 35 56,0.01394794879,1
6,7500,4,0.3591264541,3,10.5,4 5 35 56,0.6368794768,3,14.25,4 5 35 56,0.003493942555,1
6,7506,4,0.3597034831,3,10.5,4 5 35 56,0.6376804794,3,14.25,4 5 35 56,0.00334437137,1
6,7750,4,0.3849993847,3,8.5,4 5 35 56,0.6702657784,3,13,4 5 35 56,0.0006600436203,1
6,8000,4,0.414515814,3,6.25,4 5 35 56,0.7032720362,3,12.25,4 5 35 56,0.0001150461918,1
6,8250,4,0.4466544848,3,4.75,4 5 35 56,0.7344175502,3,10.75,4 5 35 56,2.259992153e-05,1
6,8500,4,0.4804954408,3,4.25,4 5 35 56,0.7621965254,3,9.75,4 5 35 56,4.830927511e-06,1
6,8750,4,0.5163071252,3,3.5,4 5 35 56,0.7856455865,3,8.5,4 5 35 56,1.028660888e-06,1
6,9000,4,0.5539260902,3,3.25,4 5 35 56,0.8059345762,3,7.25,4 5 35 56,2.234357476e-07,1
6,9250,4,0.5921732043,3,3.25,4 5 35 56,0.8231802683,3,6.75,4 5 35 56,5.444131805e-08,1
6,9500,4,0.6277570077,3,3.25,4 5 35 56,0.8392785559,3,6.25,4 5 35 56,1.599794689e-08,1
6,9750,4,0.6589851508,3,3,4 5 35 56,0.8552007507,3,5.25,4 5 35 56,4.79602885e-09,1
6,10000,4,0.6879379299,3,2.75,4 5 35 56,0.8699842207,3,5,4 5 35 56,6.798903593e-09,1
6,10250,4,0.7193823272,3,2.75,4 5 35 56,0.8823034242,3,5.75,4 5 35 56,1.762499082e-08,1
6,10500,4,0.7463726548,3,2.75,4 5 35 56,0.8891956383,3,6,4 5 35 56,2.707447591e-08,1
6,10750,4,0.7660797793,3,2.75,4 5 35 56,0.8921785512,3,6.25,4 5 35 56,3.311515508e-08,1
6,11000,4,0.78047601,3,2.75,4 5 35 56,0.8936914333,3,5.5,4 5 35 56,3.736108757e-08,1
6,11250,4,0.7911228472,3,2.75,4 5 35 56,0.8944307136,3,4.75,4 5 35 56,4.059473252e-08,1
6,11500,4,0.7994596145,3,3,4 5 35 56,0.8948225296,3,4,4 5 35 56,4.311028012e-08,1
6,11750,4,0.8065177969,3,3,4 5 35 56,0.8950745341,3,4,4 5 35 56,4.508360831e-08,1
6,12000,4,0.812774117,3,3,4 5 35 56,0.8953325342,3,3.75,4 5 35 56,4.680046168e-08,1
6,12250,4,0.8184304972,3,3,4 5 35 56,0.8957074846,3,4.25,4 5 35 56,4.799409815e-08,1
6,12500,4,0.8234506834,3,3,4 5 35 56,0.8961312183,3,4.5,4 5 35 56,4.877393812e-08,1
6,12750,4,0.8279180692,3,3,4 5 35 56,0.8966147751,3,5,4 5 35 56,4.954456229e-08,1
6,13000,4,0.8318025237,3,3,4 5 35 56,0.8971199932,3,5.5,4 5 35 56,5.018271231e-08,1
6,13111,4,0.8333551098,3,3,4 5 35 56,0.8973497185,3,5.5,4 5 35 56,5.042597479e-08,1
6,13250,4,0.8351703773,3,3,4 5 35 56,0.897642655,3,5.75,4 5 35 56,5.067723647e-08,1
6,13500,4,0.8381159309,3,3,4 5 35 56,0.8981811223,3,6.5,4 5 35 56,5.116338791e-08,1
6,13750,4,0.8406949037,3,3,4 5 35 56,0.8987290286,3,7,4 5 35 56,5.163184714e-08,1
6,14000,4,0.8429338762,3,3,4 5 35 56,0.899258954,3,7,4 5 35 56,5.212482307e-08,1
6,14250,4,0.8448976876,3,2.75,4 5 35 56,0.8997882958,3,7,4 5 35 56,5.256626282e-08,1
6,14500,4,0.846653493,3,2.75,4 5 35 56,0.9003264473,3,7,4 5 35 56,5.299776483e-08,1
6,14750,4,0.8482179289,3,2.75,4 5 35 56,0.9008644837,3,6.5,4 5 35 56,5.339978525e-08,1
6,15000,4,0.8496155943,3,2.75,4 5 35 56,0.9014029667,3,6.5,4 5 35 56,5.383183323e-08,1
6,22901,4,0.9834131125,3,2.75,4 5 35 56,0.9977822704,3,3.5,4 5 35 39,5.253581815e-08,1
6,40000,4,0.9728331445,4,2.5,4 5 8 35,0.9976429314,4,2.5,4 5 8 35,4.282960897e-08,1
7,0,5,0.09121241546,0,22.6,6 32 34 36 55,0.09379147534,1,16.6,10 14 20 31 32,4.757253119,0.008502069583
7,1,5,0.09137357093,0,21.8,6 32 34 36 55,0.09397088768,1,16.6,1 10 14 20 32,4.747002151,0.008502069583
7,2,5,0.09152486099,0,21.6,6 32 34 36 55,0.09409647308,1,16.6,1 10 14 20 32,4.746729948,0.007495245553
7,3,5,0.09167632801,0,21.4,6 32 34 36 55,0.09419051119,1,16.6,1 10 14 20 32,4.74934906,0.007495245553
7,5,5,0.0919664043,0,20.4,6 32 34 36 55,0.09432907396,1,16.6,1 10 14 20 32,4.753385313,0.007495245553
7,9,5,0.09253905171,0,18.8,6 32 34 36 55,0.09452893908,1,15.6,1 10 14 20 32,4.754514947,0.01521422978
7,16,5,0.09374299634,0,15.4,6 32 34 36 55,0.09468791343,1,15,1 10 14 20 32,4.756090143,0.00760711489
7,28,5,0.09607615758,1,11.6,6 14 26 36 55,0.09452729615,0,16.4,1 10 20 31 32,4.752370514,0.00760711489
7,50,5,0.09990082551,2,9,14 26 30 36 55,0.09792999285,0,13.2,1 3 10 20 32,4.757682109,0.007718984226
7,87,5,0.1104298607,4,10.4,14 30 33 45 55,0.1204601671,3,6.6,3 14 20 30 33,4.703368202,0.01610918447
7,151,5,0.1282826625,4,8.6,14 30 33 45 55,0.1529355587,4,7.8,14 30 33 45 55,4.300493658,0.1326770332
7,250,5,0.1331568835,4,8.6,14 30 33 45 55,0.1626532761,4,8,14 30 33 45 55,3.969975833,0.1662378342
7,264,5,0.1337825525,4,8.6,14 30 33 45 55,0.1640110991,4,7.8,14 30 33 45 55,3.931080798,0.1749636425
7,462,5,0.1422601595,4,8.6,14 30 33 45 55,0.1831430944,4,8.4,14 30 33 45 55,3.472541294,0.2514822687
7,500,5,0.1438418557,4,8.8,14 30 33 45 55,0.1867115204,4,8.6,14 30 33 45 55,3.397325947,0.2681507999
7,750,5,0.1535658291,4,8.6,14 30 33 45 55,0.2084235221,4,9.2,14 30 33 45 55,2.994570633,0.2953350487
7,806,5,0.1555467704,4,8.6,14 30 33 45 55,0.2129683256,4,9.8,14 30 33 45 55,2.920913441,0.2863855017
7,1000,5,0.1619840606,4,8.6,14 30 33 45 55,0.2276406348,4,10.4,14 30 33 45 55,2.682876503,0.3116679718
7,1250,5,0.1693910895,4,8.6,14 30 33 45 55,0.2447985774,4,10.6,14 30 33 45 55,2.413594025,0.3564157065
7,1409,5,0.1737307382,4,8.4,14 30 33 45 55,0.2539477232,4,10.6,14 30 33 45 55,2.245431242,0.365253384
7,1500,5,0.1761264,4,8.4,14 30 33 45 55,0.2587507331,4,10.6,14 30 33 45 55,2.161969033,0.3824812619
7,1750,5,0.1823401102,4,8,14 30 33 45 55,0.2713387624,4,10.6,14 30 33 45 55,1.987227352,0.4277883432
7,2000,5,0.1881478303,4,8,14 30 33 45 55,0.2832413359,4,10.8,14 30 33 45 55,1.839634764,0.4644814856
7,2250,5,0.1938804729,4,8,14 30 33 45 55,0.2946968082,4,11,14 30 33 45 55,1.697426588,0.5076630496
7,2460,5,0.1985605874,4,8,14 30 33 45 55,0.3041582629,4,11.2,14 30 33 45 55,1.58764469,0.5535294776
7,2500,5,0.1994385427,4,8.2,14 30 33 45 55,0.30595673,4,11.2,14 30 33 45 55,1.567469688,0.5535294776
7,2750,5,0.2048638352,4,8.2,14 30 33 45 55,0.3168013132,4,11.6,14 30 33 45 55,1.450436864,0.5804899877
7,3000,5,0.2101959139,4,8.4,14 30 33 45 55,0.3271270066,4,11.8,14 30 33 45 55,1.330950534,0.6695379796
7,3250,5,0.2156218584,4,8.4,14 30 33 45 55,0.3371882866,4,12,14 30 33 45 55,1.222275982,0.7139501063
7,3500,5,0.2212335644,4,8.2,14 30 33 45 55,0.3475673135,4,11.8,14 30 33 45 55,1.117089659,0.7232352612
7,3750,5,0.2269166337,4,8.2,14 30 33 45 55,0.3581780056,4,11.8,14 30 33 45 55,1.011723908,0.7508669874
7,4000,5,0.2327565543,4,8.2,14 30 33 45 55,0.3691211692,4,12,14 30 33 45 55,0.9130484908,0.7678711265
7,4250,5,0.2387175313,4,8.2,14 30 33 45 55,0.3801485767,4,12,14 30 33 45 55,0.8174204832,0.7951672447
7,4297,5,0.2398729596,4,8.2,14 30 33 45 55,0.3822508012,4,12,14 30 33 45 55,0.8000717239,0.8042286609
7,4500,5,0.2449526268,4,8.4,14 30 33 45 55,0.3912709106,4,12,14 30 33 45 55,0.7226397409,0.8136256852
7,4750,5,0.2514507976,4,8.4,14 30 33 45 55,0.4028931642,4,12.4,14 30 33 45 55,0.629065378,0.8764962524
7,5000,5,0.2584050641,4,8.4,14 30 33 45 55,0.4153278254,4,12.6,14 30 33 45 55,0.5402278202,0.8952903009
7,5250,5,0.2657581526,4,8.4,14 30 33 45 55,0.4285369219,4,12.8,14 30 33 45 55,0.4528094568,0.9045754559
7,5500,5,0.2736238053,4,8.4,14 30 33 45 55,0.4423877869,4,12.8,14 30 33 45 55,0.3710234115,0.9235932431
7,5750,5,0.2824021758,4,8,14 30 33 45 55,0.4575003916,4,12.8,14 30 33 45 55,0.2917398472,0.9609576015
7,6000,5,0.2921068845,4,7.8,14 30 33 45 55,0.4740109568,4,12.8,14 30 33 45 55,0.2178338376,0.9609576015
7,6250,5,0.3034156204,4,7.6,14 30 33 45 55,0.4926342192,4,13,14 30 33 45 55,0.1503684563,0.9800872581
7,6500,5,0.3168665908,4,7.6,14 30 33 45 55,0.5138166406,4,13,14 30 33 45 55,0.09139809213,0.9800872581
7,6750,5,0.3330401563,4,7.6,14 30 33 45 55,0.5387570392,4,12.8,14 30 33 45 55,0.04391362383,1
7,7000,5,0.3539270532,4,7.6,14 30 33 45 55,0.5702798612,4,12.8,14 30 33 45 55,0.01394281164,1
7,7250,5,0.3816217131,4,7.6,14 30 33 45 55,0.612324778,4,12.2,14 30 33 45 55,0.002441803897,1
7,7500,5,0.4195188785,4,6.4,14 30 33 45 55,0.6708329481,4,11.8,14 30 33 45 55,0.0002204341692,1
7,7506,5,0.4205906465,4,6.4,14 30 33 45 55,0.6724633419,4,11.8,14 30 33 45 55,0.0002065923397,1
7,7750,5,0.4686549355,4,5.6,14 30 33 45 55,0.7454604198,4,11,14 30 33 45 55,1.060310147e-05,1
7,8000,5,0.5213797808,4,4.6,14 30 33 45 55,0.8214942148,4,10.8,14 30 33 45 55,5.056572367e-07,1
7,8250,5,0.5733786854,4,4,14 30 33 45 55,0.8841878924,4,10.4,14 30 33 45 55,4.942264593e-08,1
7,8500,5,0.6258572483,4,4,14 30 33 45 55,0.9296234625,4,8,14 30 33 45 55,1.509284192e-08,1
7,8750,5,0.6803976674,4,3.6,14 30 33 45 55,0.9602688915,4,5.4,14 30 33 45 55,1.369126963e-08,1
7,9000,5,0.7359152783,4,3.2,14 30 33 45 53,0.9792568309,4,5.2,14 30 33 45 55,2.480549504e-08,1
7,9250,5,0.7880486943,5,3,14 23 30 33 45,0.989719598,4,5.6,14 30 33 45 55,3.453630318e-08,1
7,9500,5,0.831881606,5,3,14 23 30 33 45,0.9948576834,4,7.8,14 30 33 45 55,4.346891569e-08,1
7,9750,5,0.8659046411,5,3,14 23 30 33 45,0.9971358067,4,9,14 30 33 45 55,4.902475284e-08,1
7,10000,5,0.8912867082,5,3,14 23 30 33 45,0.9980235502,4,9.2,14 30 33 45 55,5.183991564e-08,1
7,10250,5,0.9099664157,5,3,14 23 30 33 45,0.9982803687,4,8.2,14 30 33 45 47,5.315094716e-08,1
7,10500,5,0.9236327047,5,3,14 23 30 33 45,0.9982546625,4,6.6,14 30 33 45 47,5.377982798e-08,1
7,10750,5,0.9336306724,5,3,14 23 30 33 45,0.9980965188,4,5.6,14 30 33 45 47,5.423266906e-08,1
7,11000,5,0.940956839,5,3,14 23 30 33 45,0.9978695535,4,5.2,14 30 33 45 47,5.457476426e-08,1
7,11250,5,0.9463616689,5,3,14 23 30 33 45,0.9976119319,4,4.6,14 30 33 45 47,5.478977846e-08,1
7,11500,5,0.9503685107,5,3,14 23 30 33 45,0.9973380122,4,4.4,14 30 33 45 47,5.49893989e-08,1
7,11750,5,0.9533303581,5,3,14 23 30 33 45,0.9970612858,4,4.4,14 30 33 45 47,5.518477113e-08,1
7,12000,5,0.9556179146,5,3,14 23 30 33 45,0.9967896679,4,4.4,14 30 33 45 47,5.530250726e-08,1
7,12250,5,0.9573911829,5,3,14 23 30 33 45,0.9965218064,4,4.4,14 30 33 45 47,5.541454508e-08,1
7,12500,5,0.9588386294,5,3,14 23 30 33 45,0.9962600287,4,4.4,14 30 33 45 47,5.549626759e-08,1
7,12750,5,0.9600030881,5,3,14 23 30 33 45,0.9959995717,4,4.4,14 30 33 45 47,5.560898912e-08,1
7,13000,5,0.9609634842,5,3,14 23 30 33 45,0.9957494485,4,4.4,14 30 33 45 47,5.572469174e-08,1
7,13111,5,0.9613406817,5,3,14 23 30 33 45,0.9956414888,4,4.4,14 30 33 45 47,5.577083901e-08,1
7,13250,5,0.9617743764,5,3,14 23 30 33 45,0.9955089434,4,4.4,14 30 33 45 47,5.585311611e-08,1
7,13500,5,0.9625157308,5,3,14 23 30 33 45,0.9952773944,4,4.4,14 30 33 45 47,5.592746505e-08,1
7,13750,5,0.9631986032,5,3,14 23 30 33 45,0.9950545061,4,4.4,14 30 33 45 47,5.601990379e-08,1
7,14000,5,0.9638310704,5,3,14 23 30 33 45,0.9948423811,4,4.4,14 30 33 45 47,5.607044324e-08,1
7,14250,5,0.9644662798,5,3,14 23 30 33 45,0.9946452951,4,4.4,14 28 30 33 45,5.604203066e-08,1
7,14500,5,0.9650869679,5,3,14 23 30 33 45,0.9944557161,4,4.4,14 28 30 33 45,5.604010846e-08,1
7,14750,5,0.9657033031,5,3,14 23 30 33 45,0.9942704613,4,4.4,14 28 30 33 45,5.601574606e-08,1
7,15000,5,0.9663249237,5,3,14 23 30 33 45,0.9940927135,4,4.4,14 28 30 33 45,5.599821867e-08,1
7,22901,5,0.98447341,5,3,14 23 30 33 45,0.9922082951,4,5,14 28 30 33 45,4.84986079e-08,1
7,40000,5,0.9879212847,5,3,14 23 30 33 45,0.992083239,4,5.4,14 28 30 33 45,4.808389159e-08,1
8,0,5,0.09500184266,2,14.8,3 12 26 38 41,0.08488631784,0,35,8 12 23 29 56,4.774528665,0.009061416266
8,1,5,0.09507566535,2,14.8,3 12 26 38 41,0.0849746668,0,34.6,8 12 23 29 56,4.750268373,0.008949546929
8,2,5,0.09513997902,2,14.8,3 12 26 38 41,0.08500981164,0,34.4,8 12 23 29 56,4.743558635,0.00760711489
8,3,5,0.09520228051,2,14.8,3 12 26 38 41,0.08501147255,0,34.4,8 12 29 45 56,4.743760415,0.00760711489
8,5,5,0.09533257246,2,14.6,3 12 26 38 41,0.08500929841,0,34,8 12 29 45 56,4.748177662,0.008613938919
8,9,5,0.09572271865,2,15.2,3 12 26 38 41,0.08503214479,0,33.2,8 12 29 45 56,4.751599361,0.007495245553
8,16,5,0.09674974995,2,12.8,3 5 12 26 38,0.08524433198,0,34.2,12 22 29 45 56,4.755953171,0.007495245553
8,28,5,0.0991884725,3,7.8,3 5 6 12 26,0.08554016671,0,34.4,12 22 29 45 56,4.754560202,0.007718984226
8,50,5,0.1029029957,3,5,3 5 21 26 34,0.08749170421,0,31.4,12 19 22 24 45,4.759976849,0.01599731514
8,87,5,0.1116848207,4,3.2,3 5 21 26 51,0.1063881797,2,8.6,12 17 22 26 51,4.779266479,0.02438751538
8,151,5,0.1297241863,5,3,3 6 21 26 51,0.1377079454,4,3.8,3 17 21 26 51,5.028852621,0.04810381474
8,250,5,0.1340404753,5,3,3 6 21 26 51,0.1456196284,4,3.8,3 17 21 26 51,4.643384985,0.06466047656
8,264,5,0.1345589149,5,3,3 6 21 26 51,0.1466269393,4,3.8,3 17 21 26 51,4.596474144,0.06466047656
8,462,5,0.1417049375,5,3,3 6 21 26 51,0.1605596856,4,4,3 17 21 26 51,4.104436077,0.08949546929
8,500,5,0.1430558294,5,3,3 6 21 26 51,0.1631045007,4,4,3 17 21 26 51,4.029065368,0.1073945632
8,750,5,0.1519439743,5,3,3 6 21 26 51,0.1787135736,4,4,3 21 26 45 51,3.608763395,0.1667971809
8,806,5,0.1537849251,5,3,3 6 21 26 51,0.1820716116,4,4,3 21 26 45 51,3.522924753,0.1667971809
8,1000,5,0.1596421594,5,3,3 6 21 26 51,0.193217386,4,4,3 21 26 45 51,3.244976429,0.2019241526
8,1250,5,0.1667246936,4,3.2,3 17 21 26 51,0.2064285635,4,4.4,3 21 26 45 51,2.829059778,0.2606555543
8,1409,5,0.1711917803,4,3.4,3 17 21 26 51,0.2141461367,4,4.2,3 21 26 45 51,2.614266493,0.3131222732
8,1500,5,0.1736548762,4,3.4,3 17 21 26 51,0.2182976964,4,4.2,3 21 26 45 51,2.505670776,0.3658127307
8,1750,5,0.1801738923,4,3.6,3 17 21 26 51,0.2293138501,4,4.4,3 21 26 45 51,2.257878719,0.4086586867
8,2000,5,0.1863799258,4,3.8,3 17 21 26 51,0.2401180001,4,4.2,3 17 21 26 51,2.054289381,0.4182794496
8,2250,5,0.1925068392,4,3.8,3 17 21 26 51,0.2514447812,4,4.2,3 17 21 26 51,1.861365514,0.454972592
8,2460,5,0.1976691692,4,3.8,3 17 21 26 51,0.2613270762,4,4.2,3 17 21 26 51,1.705886259,0.5338404743
8,2500,5,0.1986287792,4,3.8,3 17 21 26 51,0.2632455705,4,4.2,3 17 21 26 51,1.676610475,0.5338404743
8,2750,5,0.2049598054,4,3.8,3 17 21 26 51,0.2752521162,4,4.2,3 17 21 26 51,1.502858124,0.5889920573
8,3000,5,0.2113353911,4,3.8,3 17 21 26 51,0.2874406427,4,4.4,3 17 21 26 51,1.330454704,0.670656673
8,3250,5,0.2180461188,4,3.8,3 17 21 26 51,0.3001339607,4,4.6,3 17 21 26 51,1.159953308,0.6882201589
8,3500,5,0.2251529926,4,3.8,3 17 21 26 51,0.3136111368,4,4.6,3 17 21 26 51,0.9914621874,0.7400156617
8,3750,5,0.2327802102,4,3.8,3 17 21 26 51,0.3277150347,4,4.6,3 17 21 26 51,0.8271213934,0.7961740687
8,4000,5,0.2409563246,4,3.8,3 17 21 26 51,0.3428810958,4,4.4,3 17 21 26 51,0.675314841,0.8325316031
8,4250,5,0.2494484419,4,3.8,3 17 21 26 51,0.359276772,4,4.4,3 17 21 26 51,0.538929832,0.896968341
8,4297,5,0.2511570831,4,3.8,3 17 21 26 51,0.3625020571,4,4.4,3 17 21 26 51,0.5141335496,0.9065891039
8,4500,5,0.2588474257,4,3.8,3 17 21 26 51,0.3770516569,4,4.4,3 17 21 26 51,0.4139460012,0.943841593
8,4750,5,0.2693192919,4,3.8,3 17 21 26 51,0.3966680151,4,4.4,3 17 21 26 51,0.3032802953,0.953126748
8,5000,5,0.2811821433,4,3.8,3 17 21 26 51,0.4192901131,4,4.4,3 17 21 26 51,0.2056419653,0.9713614498
8,5250,5,0.2943981393,4,3.8,3 17 21 26 51,0.4453815726,4,4.4,3 17 21 26 51,0.1253646809,0.9713614498
8,5500,5,0.3096810173,4,3.8,3 17 21 26 51,0.4754465444,4,4.4,3 17 21 26 51,0.06459882264,1
8,5750,5,0.3280295022,4,3.8,3 17 21 26 51,0.5117358672,4,4.2,3 17 21 26 51,0.02445399689,1
8,6000,5,0.3508492014,4,3.8,3 17 21 26 51,0.5561394006,4,4,3 17 21 26 51,0.005645925589,1
8,6250,5,0.3803686495,4,3.8,3 17 21 26 51,0.6112992474,4,4,3 17 21 26 51,0.0008150686273,1
8,6500,5,0.4203906247,4,3.6,3 17 21 26 51,0.6786385525,4,4,3 17 21 26 51,6.041350236e-05,1
8,6750,5,0.4731894753,4,3.4,3 17 21 26 51,0.7566304798,4,4,3 17 21 26 51,2.144814562e-06,1
8,7000,5,0.5346952348,4,3.4,3 17 21 26 51,0.8339201846,4,4,3 17 21 26 51,1.250954469e-07,1
8,7250,5,0.5953120891,4,3.2,3 17 21 26 51,0.8922128052,4,3.8,3 17 21 26 51,3.193784271e-08,1
8,7500,5,0.6528171886,4,3.2,3 17 21 26 51,0.9292134743,4,3.8,3 17 21 26 51,2.26150076e-08,1
8,7506,5,0.6541532765,4,3.2,3 17 21 26 51,0.9299150573,4,3.8,3 17 21 26 51,2.265107003e-08,1
8,7750,5,0.7066355077,4,3.2,3 17 21 26 51,0.9534770636,4,3.6,3 17 21 26 51,2.828831875e-08,1
8,8000,5,0.7582603882,4,3.2,3 17 21 26 51,0.9707301299,4,3.4,3 17 21 26 51,4.109207861e-08,1
8,8250,5,0.8080399455,5,3,3 6 21 26 51,0.9831612804,4,3.4,3 17 21 26 51,7.324479607e-08,1
8,8500,5,0.8524305556,5,3,3 6 21 26 51,0.9912463137,4,3.4,3 17 21 26 51,6.422950602e-08,1
8,8750,5,0.8885878598,5,3,3 6 21 26 51,0.9957297238,4,4,3 17 21 26 51,6.004210138e-08,1
8,9000,5,0.9161013183,5,3,3 6 21 26 51,0.9977950324,4,5.6,3 17 21 26 51,5.921428355e-08,1
8,9250,5,0.9361491996,5,3,3 6 21 26 51,0.9986188085,4,7.8,3 17 21 26 51,5.929747262e-08,1
8,9500,5,0.9504418758,5,3,3 6 21 26 51,0.9989091174,4,8.4,3 17 21 26 51,5.958250613e-08,1
8,9750,5,0.9606403536,5,3,3 6 21 26 51,0.9989854813,4,8.2,3 21 26 36 51,5.978746301e-08,1
8,10000,5,0.9679468106,5,3,3 6 21 26 51,0.9989810152,4,8.2,3 21 26 36 51,5.9967597e-08,1
8,10250,5,0.9732430652,5,3,3 6 21 26 51,0.9989468816,4,8.8,3 21 26 36 51,6.010895247e-08,1
8,10500,5,0.9771352589,5,3,3 6 21 26 51,0.9989000255,4,8.8,3 21 26 36 51,6.024684712e-08,1
8,10750,5,0.9800378947,5,3,3 6 21 26 51,0.9988513999,4,8.8,3 21 26 36 51,6.0410158e-08,1
8,11000,5,0.9822440182,5,3,3 6 21 26 51,0.9988044065,4,8.6,3 21 26 36 51,6.054406581e-08,1
8,11250,5,0.9839516271,5,3,3 6 21 26 51,0.9987614939,4,8.6,3 21 26 36 51,6.067065871e-08,1
8,11500,5,0.9852903832,5,3,3 6 21 26 51,0.9987208749,4,8.6,3 21 26 36 51,6.081930327e-08,1
8,11750,5,0.9863638965,5,3,3 6 21 26 51,0.9986816566,4,9,3 21 26 36 51,6.099227204e-08,1
8,12000,5,0.9872393329,5,3,3 6 21 26 51,0.9986455262,4,9,3 21 26 36 51,6.116018711e-08,1
8,12250,5,0.9879630561,5,3,3 6 21 26 51,0.9986121612,4,9,3 21 26 36 51,6.131197809e-08,1
8,12500,5,0.9885684438,5,3,3 6 21 26 51,0.9985809424,4,9,3 21 26 36 51,6.146004722e-08,1
8,12750,5,0.9890841352,5,3,3 6 21 26 51,0.9985499704,4,9,3 21 26 36 51,6.160354956e-08,1
8,13000,5,0.989525151,5,3,3 6 21 26 51,0.9985206746,4,9,3 21 26 36 51,6.172993563e-08,1
8,13111,5,0.9896999966,5,3,3 6 21 26 51,0.9985086619,4,9,3 21 26 36 51,6.178436405e-08,1
8,13250,5,0.9899045088,5,3,3 6 21 26 51,0.9984937521,4,9,3 21 26 36 51,6.185926522e-08,1
8,13500,5,0.9902339998,5,3,3 6 21 26 51,0.998467459,4,9,3 21 26 36 51,6.199620833e-08,1
8,13750,5,0.9905253498,5,3,3 6 21 26 51,0.998442796,4,9,3 21 26 36 51,6.212787012e-08,1
8,14000,5,0.9907834549,5,3,3 6 21 26 51,0.9984190592,4,9,3 21 26 36 51,6.22480582e-08,1
8,14250,5,0.9910112775,5,3,3 6 21 26 51,0.998396532,4,9,3 21 26 36 51,6.234905895e-08,1
8,14500,5,0.9912144269,5,3,3 6 21 26 51,0.9983735438,4,9,3 21 26 36 51,6.244874459e-08,1
8,14750,5,0.9913956939,5,3,3 6 21 26 51,0.9983509217,4,9,3 21 26 36 51,6.254899019e-08,1
8,15000,5,0.9915578119,5,3,3 6 21 26 51,0.9983282451,4,9,3 21 26 36 51,6.265007055e-08,1
8,22901,5,0.9931171936,5,3,3 6 21 26 51,0.9979418433,4,10,3 21 26 36 51,6.384760976e-08,1
8,40000,5,0.9872216854,5,3,3 6 21 26 51,0.9978070935,4,10,3 21 26 36 51,5.701920668e-08,1
9,0,5,0.09070018214,1,24.6,2 17 29 41 50,0.08989749364,0,24.8,2 7 20 25 30,4.774552264,0.008949546929
9,1,5,0.09064568127,1,24.6,2 17 29 41 50,0.0898886736,0,24.6,2 7 20 25 30,4.753460326,0.008949546929
9,2,5,0.09062323004,1,25,2 17 29 31 41,0.08988613986,0,24.6,2 7 20 25 30,4.749764493,0.008166461573
9,3,5,0.09060559578,1,24.8,2 17 29 31 41,0.08988211256,0,24.6,2 7 20 25 30,4.752863543,0.00760711489
9,5,5,0.09063779625,1,24.8,2 17 29 31 41,0.08984557212,0,24.4,2 7 20 25 30,4.758179771,0.00760711489
9,9,5,0.09082735617,1,25,2 17 29 31 41,0.08963972891,0,25.2,2 7 20 25 30,4.75582144,0.007718984226
9,16,5,0.09142138821,1,24.2,2 17 29 41 50,0.08943352775,0,26.2,2 7 20 25 30,4.75411265,0.00760711489
9,28,5,0.09305667996,2,21,2 17 29 34 41,0.08952439734,0,25,2 7 25 30 41,4.752824098,0.00760711489
9,50,5,0.09536582625,2,17.6,17 29 34 41 45,0.09309123185,1,17.4,7 20 25 34 41,4.762347102,0.007718984226
9,87,5,0.1044266685,2,12.6,17 30 34 41 45,0.1086887066,1,12,7 8 25 34 41,4.752326079,0.008166461573
9,151,5,0.1235367023,2,6.6,17 30 34 41 45,0.1475629025,2,11.2,7 17 30 34 41,4.637580344,0.04150352388
9,250,5,0.1301616102,2,6.4,17 30 34 41 45,0.160295914,2,10.4,7 17 30 34 41,4.290485817,0.08994294664
9,264,5,0.1309749952,2,6.2,17 30 34 41 45,0.1618218305,2,10.4,7 17 30 34 41,4.251373612,0.08994294664
9,462,5,0.1417024004,3,5.8,17 30 34 45 56,0.1830061427,2,8.2,7 17 21 30 34,3.835768182,0.1075064325
9,500,5,0.1435812589,3,5.8,17 30 34 45 56,0.1866450674,2,7.4,7 17 21 30 34,3.772411319,0.1158966327
9,750,5,0.155309825,3,5.6,17 30 34 45 56,0.2082810672,3,5.8,17 21 30 34 56,3.450667768,0.1421859268
9,806,5,0.1577823476,3,5.6,17 30 34 45 56,0.2126794424,3,6,17 21 30 34 56,3.397736602,0.1421859268
9,1000,5,0.165934354,3,5.4,17 30 34 45 56,0.2262940615,3,5.8,17 21 30 34 56,3.232668665,0.1569526793
9,1250,5,0.1748995949,3,5.6,17 30 34 45 56,0.2412340814,3,6,17 21 30 34 56,3.051374736,0.1836894507
9,1409,5,0.1797326342,3,5.6,17 30 34 45 56,0.2495128384,3,6.2,17 21 30 34 56,2.920079458,0.2088600515
9,1500,5,0.1823883738,3,5.8,17 30 34 45 56,0.2540362351,4,6.2,17 19 21 34 56,2.844299746,0.2088600515
9,1750,5,0.1892702513,3,5.8,17 30 34 45 56,0.2657001126,4,6.6,17 19 21 34 56,2.676809989,0.2175858597
9,2000,5,0.1956745383,3,6,17 30 34 45 56,0.2768817027,4,6.8,17 19 21 34 56,2.558936816,0.2360443003
9,2250,5,0.2019017099,3,6,17 30 34 45 56,0.2882448777,4,7.8,17 19 21 34 56,2.458485942,0.2357086922
9,2460,5,0.2070012666,3,6,17 30 34 45 56,0.2980163344,4,7.8,17 19 21 34 56,2.378063721,0.2611030317
9,2500,5,0.2079486837,3,6,17 30 34 45 56,0.2998683124,4,8,17 19 21 34 56,2.361951938,0.2611030317
9,2750,5,0.2139109902,3,6,17 30 34 45 56,0.3116505193,4,8.8,17 19 21 34 56,2.271775318,0.2792258642
9,3000,5,0.2198507686,3,6,17 30 34 45 56,0.3233163324,4,9.4,17 19 21 34 56,2.194725522,0.2710594026
9,3250,5,0.2255663708,3,6.6,17 30 34 45 56,0.3343080257,4,9.8,17 19 21 34 56,2.120642623,0.2803445576
9,3500,5,0.2309995555,3,6.6,17 30 34 45 56,0.3447505481,4,10.2,17 19 21 34 56,2.044047225,0.2788902562
9,3750,5,0.2361944322,3,6.8,17 30 34 45 56,0.3544948143,4,10.8,17 19 21 34 56,1.972150973,0.306410113
9,4000,5,0.2413943011,4,6.6,17 19 30 34 56,0.36333583,4,11.2,17 19 21 34 56,1.668668737,0.4122385054
9,4250,5,0.2465498546,4,6.8,17 19 30 34 56,0.371470238,4,11.6,17 19 21 34 56,1.611145182,0.4287951672
9,4297,5,0.247487893,4,6.8,17 19 30 34 56,0.3729165118,4,11.6,17 19 21 34 56,1.600645922,0.4374091062
9,4500,5,0.2514790848,4,6.8,17 19 30 34 56,0.3789791291,4,12,17 19 21 34 56,1.557213661,0.454636984
9,4750,5,0.2563222858,4,6.8,17 19 30 34 56,0.3859559409,4,12.2,17 19 21 34 56,1.503940586,0.454636984
9,5000,5,0.2611992593,4,7.2,17 19 30 34 56,0.3926183643,4,12.4,17 19 21 34 56,1.457741946,0.4727598165
9,5250,5,0.2658778294,4,7.2,17 19 30 34 56,0.3986112368,4,12.4,17 19 21 34 56,1.412922068,0.5077749189
9,5500,5,0.2705515372,4,7,17 19 30 34 56,0.4037415521,4,12.6,17 19 21 34 56,1.372931121,0.5081105269
9,5750,5,0.2750106307,4,7.4,17 19 30 34 56,0.4086352378,4,12.6,17 19 30 34 56,1.338474741,0.5426781519
9,6000,5,0.2792185274,4,7.4,17 19 30 34 56,0.4131223227,4,12.6,17 19 30 34 56,1.30517579,0.568631838
9,6250,5,0.2833666585,4,7.8,17 19 30 34 56,0.4173641404,4,12.8,17 19 30 34 56,1.273684726,0.5854122385
9,6500,5,0.2874815971,4,8,17 19 30 34 56,0.4212090342,4,12.8,17 19 30 34 56,1.242490511,0.5762389529
9,6750,5,0.2915379235,4,8.6,17 19 30 34 56,0.4247608646,4,13,17 19 30 34 56,1.21057634,0.5950330015
9,7000,5,0.2955157539,4,8.8,17 19 30 34 56,0.4281389938,4,13,17 19 30 34 56,1.181940745,0.5950330015
9,7250,5,0.2994298674,4,8.8,17 19 30 34 56,0.4312898527,4,13,17 19 30 34 56,1.148473278,0.603199463
9,7500,5,0.3034763703,4,8.8,17 19 30 34 56,0.4342589284,4,13.2,17 19 30 34 56,1.117737914,0.6209866875
9,7506,5,0.3035715926,4,8.8,17 19 30 34 56,0.4343334393,4,13.2,17 19 30 34 56,1.115825955,0.6209866875
9,7750,5,0.307464242,4,9,17 19 30 34 56,0.4374412693,4,13.2,17 19 30 34 56,1.082562641,0.6402282134
9,8000,5,0.3114194464,4,9,17 19 30 34 56,0.4405685685,4,13.2,17 19 30 34 56,1.054456182,0.6673005929
9,8250,5,0.3153296529,4,9.2,17 19 30 34 56,0.4437893654,4,13.2,17 19 30 34 56,1.020224609,0.6673005929
9,8500,5,0.3191028136,4,9.4,17 19 30 34 56,0.4469733974,4,13.2,17 19 30 34 56,0.98139582,0.6854234254
9,8750,5,0.3228688222,4,9.6,17 19 30 34 56,0.4502072887,4,13.2,17 19 30 34 56,0.9487550008,0.6854234254
9,9000,5,0.3266137211,4,9.8,17 19 30 34 56,0.4534343745,4,13.2,17 19 30 34 56,0.9042224826,0.7211097438
9,9250,5,0.330445157,4,10,17 19 30 34 56,0.4563951557,4,13.2,17 19 30 34 56,0.868468851,0.7396800537
9,9500,5,0.3342574475,4,10,17 19 30 34 56,0.4594855324,4,13.2,17 19 30 34 56,0.8273722778,0.7580266249
9,9750,5,0.3380732915,4,10.2,17 19 30 34 56,0.4627248162,4,13.2,17 19 30 34 56,0.7876416112,0.7580266249
9,10000,5,0.341916925,4,10.2,17 19 30 34 56,0.4661829477,4,13.2,17 19 30 34 56,0.7534679428,0.7859939591
9,10250,5,0.3459316337,4,10,17 19 30 34 56,0.4698491437,4,13.2,17 19 30 34 56,0.7056066308,0.7947197673
9,10500,5,0.3502923049,4,10,17 19 30 34 56,0.4736558601,4,13.2,17 19 30 34 56,0.6712498085,0.8136256852
9,10750,5,0.3548551437,4,10,17 19 30 34 56,0.4777515012,4,13.2,17 19 30 34 56,0.6154297603,0.8225752321
9,11000,5,0.3596294073,4,9.8,17 19 30 34 56,0.4822491524,4,13.2,17 19 30 34 56,0.5710234248,0.8316366484
9,11250,5,0.364626779,4,9.8,17 19 30 34 56,0.4869799002,4,13.2,17 19 30 34 56,0.5162805949,0.8316366484
9,11500,5,0.3702569196,4,9.6,17 19 30 34 56,0.4924156477,4,13.2,17 19 30 34 56,0.4605167645,0.8316366484
9,11750,5,0.3765181766,4,9.6,17 19 30 34 56,0.4989039955,4,13.2,17 19 30 34 56,0.3971352309,0.850766305
9,12000,5,0.3832062888,4,9.6,17 19 30 34 56,0.5065752169,4,13.2,17 19 30 34 56,0.3336305037,0.8980870343
9,12250,5,0.3907897853,4,9.6,17 19 30 34 56,0.5156091698,4,13.2,17 19 30 34 56,0.2655649039,0.9343326994
9,12500,5,0.3994742735,4,9.6,17 19 30 34 56,0.526467881,4,13.2,17 19 30 34 56,0.196004257,0.9625237722
9,12750,5,0.4095260228,4,9.4,17 19 30 34 56,0.539954166,4,13.2,17 19 30 34 56,0.1290784317,0.9715851885
9,13000,5,0.4219097517,4,9.2,17 19 30 34 56,0.5580622779,4,13.2,17 19 30 34 56,0.0703572404,0.9909385837
9,13111,5,0.4284169306,4,9.2,17 19 30 34 56,0.5680786557,4,13.2,17 19 30 34 56,0.04783140881,1
9,13250,5,0.4377965729,4,9.2,17 19 30 34 56,0.5831612566,4,13.2,17 19 30 34 56,0.02640699559,1
9,13500,5,0.4601931887,4,9.8,17 19 26 34 56,0.6216295422,4,13.2,17 19 30 34 56,0.004695081119,1
9,13750,5,0.4925171876,4,10,17 19 26 34 56,0.6824370855,4,13.2,17 19 26 34 56,0.0002261159735,1
9,14000,5,0.5331543914,4,10.2,17 19 26 34 56,0.7600139502,4,13.2,17 19 26 34 56,4.479373049e-06,1
9,14250,5,0.5713302193,4,10.2,17 19 26 34 56,0.8286470566,4,13.2,17 19 26 34 56,3.589920359e-07,1
9,14500,5,0.6064763082,4,10.2,17 19 26 34 56,0.8805762516,4,12.4,17 19 26 34 56,7.635343508e-08,1
9,14750,5,0.6405936639,4,10,17 19 26 34 56,0.9187128819,4,11.4,17 19 26 34 56,3.450650016e-08,1
9,15000,5,0.6775352058,4,10,17 19 34 45 56,0.946549465,4,8.6,17 19 26 34 56,2.202944406e-08,1
9,22901,5,0.9878901752,5,3,17 19 34 51 56,0.9912233713,5,3,17 19 34 51 56,5.594047537e-08,1
9,40000,5,0.9893517234,5,3,17 19 34 51 56,0.9828807179,5,3,17 19 34 51 56,7.804416917e-08,1
