step,train_loss,test_loss,train_acc,test_acc,param_norm
0,4.771343088939013,4.778456467331957,0.00939947780678851,0.008278330909497707,42.27774306683926
100,1.9204365665003065,7.875821528887785,0.564751958224543,0.03982548383488086,53.35772790843052
200,0.017920421941520975,14.63275011587042,1.0,0.11802215012864974,60.413642220708965
300,0.006334869635189684,14.917091046550263,1.0,0.13122273184920014,59.89348832092608
400,0.0020541449167128744,15.582483149255726,1.0,0.142074057500839,59.73812404224928
500,0.0006828302913127496,16.315605685866696,1.0,0.15247790580601858,59.71009145456514
600,0.0002299196539429436,17.055492052080094,1.0,0.15807137263676027,59.754723469465134
700,7.851739348127086e-05,17.792184716972667,1.0,0.16232240742812395,59.82739393149158
800,2.7304254386866442e-05,18.510043529522104,1.0,0.16869895961516948,59.870726629320345
900,9.731080286278667e-06,19.172113422394087,1.0,0.173061863743148,59.82705443710724
1000,3.6518253084564494e-06,19.75100771046682,1.0,0.17652981317820785,59.64012585067689
1100,1.5198428329603767e-06,20.186735352746144,1.0,0.1802215012864974,59.26004063040683
1200,7.515205960178004e-07,20.42298047186638,1.0,0.1842487974046314,58.656220872702335
1300,4.6734104734098274e-07,20.424940783735966,1.0,0.1865980534735429,57.854335154199674
1400,3.645080052407614e-07,20.2057102206952,1.0,0.1895066562255286,56.949932208798565
1500,3.324276126791005e-07,19.84475184751784,1.0,0.19140843494798077,56.06659957037802
1600,3.2365910707785066e-07,19.410639452444556,1.0,0.1948763843830406,55.2802369385251
1700,3.204995742864705e-07,18.93926536300279,1.0,0.19890368050117463,54.60410818095996
1800,3.1791513928883704e-07,18.446868704926974,1.0,0.2021478912630048,54.02024471318586
1900,3.153742344425112e-07,17.933223939252102,1.0,0.208076966103591,53.508304334501425
2000,3.1260053665769304e-07,17.412889003538496,1.0,0.2104262221725025,53.05346043946132
2100,3.098567644807724e-07,16.87580253285245,1.0,0.21445351829063655,52.64001552599689
2200,3.0689041728537206e-07,16.33816145119082,1.0,0.2179214677256964,52.258887200535824
2300,3.038753870690395e-07,15.799322696812057,1.0,0.22071820114106724,51.90301050175654
2400,3.0083782159867126e-07,15.258998351819157,1.0,0.22496923593243093,51.56579543955811
2500,2.9754875372774534e-07,14.719372544242095,1.0,0.23123391878286162,51.24172526365628
2600,2.9454141314263593e-07,14.180219993594433,1.0,0.2364917776037588,50.92844953216161
2700,2.9149607387350477e-07,13.639459039800391,1.0,0.24085468173173732,50.62403564512577
2800,2.8831322949221114e-07,13.103460358569848,1.0,0.24611254055263454,50.32593834925971
2900,2.8539480400789064e-07,12.572881379329766,1.0,0.25383152477905807,50.033721451083544
3000,2.823947743320043e-07,12.04265517613225,1.0,0.2602080769661036,49.74663096719991
3100,2.7930158528360796e-07,11.509655813371943,1.0,0.2679270611925271,49.46259099296835
3200,2.7649422814261017e-07,10.973339297132181,1.0,0.27531043740910616,49.17909552421229
3300,2.7320240602828685e-07,10.432767785345684,1.0,0.28459559234813736,48.893781495085435
3400,2.697463698586232e-07,9.886311841751079,1.0,0.2957825260096208,48.60711435729504
3500,2.666896917182807e-07,9.334750796695092,1.0,0.30652198232464484,48.31838389280457
3600,2.6330333107555443e-07,8.777398212196045,1.0,0.3190513480255062,48.027190062038486
3700,2.5983909215006064e-07,8.218408847814267,1.0,0.33471305515158295,47.73272583400552
3800,2.566211640323542e-07,7.658148486813593,1.0,0.35160532498042285,47.43491000863981
3900,2.529970368599952e-07,7.0957082198329,1.0,0.3707349815415595,47.129711954005735
4000,2.4890863873365304e-07,6.5296121144870005,1.0,0.39042398478577023,46.81683896053882
4100,2.4513119792962525e-07,5.957263192558488,1.0,0.41436402282134466,46.49405070321017
4200,2.409005146638446e-07,5.380174441133233,1.0,0.440429578252601,46.15893028847606
4300,2.360198595491689e-07,4.7946176045961515,1.0,0.4729835552075176,45.80764972864735
4400,2.31217358814447e-07,4.199635499235127,1.0,0.5092292202707238,45.43591772866493
4500,2.2582204206719448e-07,3.599275754082832,1.0,0.5525226535406645,45.04067209877512
4600,2.20260460762189e-07,3.0170891675477796,1.0,0.5931312227318493,44.62529938063061
4700,2.1443042737757723e-07,2.460595355997777,1.0,0.6426893388522206,44.18821711474756
4800,2.0826683244112064e-07,1.9427493329160415,1.0,0.692918670992281,43.72736247489861
4900,2.0173977050075912e-07,1.469710616005775,1.0,0.7471752992504754,43.23823142691968
5000,1.945143704258952e-07,1.057613467006864,1.0,0.8010963194988254,42.71742383664412
5100,1.8587040230858182e-07,0.707062978395714,1.0,0.8551292090837902,42.1529730021208
5200,1.7662527118319754e-07,0.43220937107922397,1.0,0.9031211544915538,41.536948296070555
5300,1.676362338727847e-07,0.23926544376909897,1.0,0.9400380355744491,40.872981180684064
5400,1.5801847002209185e-07,0.1140581797729075,1.0,0.9682291084013872,40.16349286075223
5500,1.4883969698934296e-07,0.04261357892795593,1.0,0.9862400715963755,39.41266435276024
5600,1.4062241548610993e-07,0.01181074610257897,1.0,0.9963083118917105,38.633828400256725
5700,1.3439676537758985e-07,0.002978048959859148,1.0,0.999328783980311,37.86087478230617
5800,1.2983113787821066e-07,0.0006516372973262756,1.0,0.9998881306633852,37.123651986087
5900,1.2652829113706693e-07,0.00014145710589444886,1.0,1.0,36.4446188598275
6000,1.23919631823731e-07,6.97625771449925e-05,1.0,1.0,35.83057771262928
6100,1.2179918827000203e-07,4.899966156854241e-05,1.0,1.0,35.282499563049264
6200,1.201889181533557e-07,3.420398068631172e-05,1.0,1.0,34.79795300143254
6300,1.1899579683891284e-07,2.3280545380005585e-05,1.0,1.0,34.37507213955366
6400,1.1791192868789236e-07,1.5225258647577495e-05,1.0,1.0,34.007869909855614
6500,1.1695248571063988e-07,9.701001823743195e-06,1.0,1.0,33.689339029678294
6600,1.1608555698616292e-07,5.995680893527784e-06,1.0,1.0,33.412733049447475
6700,1.1529534821053972e-07,3.4653713458754446e-06,1.0,1.0,33.172794773579135
6800,1.1459888724728328e-07,2.1903474135480874e-06,1.0,1.0,32.96482445194864
6900,1.1397939313559301e-07,1.5352043274037218e-06,1.0,1.0,32.784830208871156
7000,1.133829693256766e-07,1.1881753024712918e-06,1.0,1.0,32.62892954567521
7100,1.128954469698002e-07,9.725134253825759e-07,1.0,1.0,32.49432880712319
7200,1.1241467636118024e-07,8.130982956770993e-07,1.0,1.0,32.37775186729374
7300,1.1194093393609624e-07,6.929541879512539e-07,1.0,1.0,32.276392329185796
7400,1.1149813393700996e-07,6.013651886613521e-07,1.0,1.0,32.18801759719783
7500,1.1105804349631232e-07,5.300037437208964e-07,1.0,1.0,32.110216611365104
7600,1.1062459170790581e-07,4.7144331653786947e-07,1.0,1.0,32.04085695324709
7700,1.1012831980267308e-07,4.216174395662653e-07,1.0,1.0,31.977689054442827
7800,1.0957489741102647e-07,3.786628926938881e-07,1.0,1.0,31.9182206658824
7900,1.0894679633417618e-07,3.4127194584593164e-07,1.0,1.0,31.86014095949206
8000,1.0822013511374858e-07,3.0821888337016384e-07,1.0,1.0,31.80081793472699
8100,1.0735437641984552e-07,2.8112567170230916e-07,1.0,1.0,31.73765031390815
8200,1.0635859384577971e-07,2.5830169373772893e-07,1.0,1.0,31.667533677708217
8300,1.0524805082763514e-07,2.399528887618917e-07,1.0,1.0,31.588099998502106
8400,1.0405909064324652e-07,2.2589817610266143e-07,1.0,1.0,31.498292029808063
8500,1.0290913596336145e-07,2.152299916153314e-07,1.0,1.0,31.398751441176795
8600,1.0186320199893668e-07,2.06790665537829e-07,1.0,1.0,31.292534473530516
8700,1.0100954476300158e-07,2.0040990387293302e-07,1.0,1.0,31.184076110071622
8800,1.0036771534819062e-07,1.959164006485022e-07,1.0,1.0,31.078774763003544
8900,9.991457876344845e-08,1.9266991770175767e-07,1.0,1.0,30.980559761274645
9000,9.9594577309102e-08,1.90331127498094e-07,1.0,1.0,30.891954813284755
9100,9.938087573396173e-08,1.8868730345769885e-07,1.0,1.0,30.813885596389802
9200,9.922615040589601e-08,1.8748077390279287e-07,1.0,1.0,30.746474871451444
9300,9.911065976103183e-08,1.865697004997169e-07,1.0,1.0,30.688877205046133
9400,9.902743155671545e-08,1.8584517466422368e-07,1.0,1.0,30.64010355674393
9500,9.895435206811568e-08,1.8529690886208558e-07,1.0,1.0,30.599028640787896
9600,9.889419156082712e-08,1.8477535396470527e-07,1.0,1.0,30.56448340609922
9700,9.883759097370954e-08,1.843529884192304e-07,1.0,1.0,30.535452650901842
9800,9.878621661810776e-08,1.839407281726557e-07,1.0,1.0,30.51104540866173
9900,9.873957903781224e-08,1.835694037338105e-07,1.0,1.0,30.490513024501617
10000,9.8692529957417e-08,1.8330839010010445e-07,1.0,1.0,30.47321984586222
10100,9.865162729343633e-08,1.8310939999217333e-07,1.0,1.0,30.458574908393107
10200,9.861081780781919e-08,1.829115742956349e-07,1.0,1.0,30.44616777783531
10300,9.857503517645536e-08,1.8271621839616912e-07,1.0,1.0,30.435598003318344
10400,9.853639741866526e-08,1.825207862761451e-07,1.0,1.0,30.42656141641731
10500,9.849537735796234e-08,1.8235752211555587e-07,1.0,1.0,30.41879710291658
10600,9.845731533641982e-08,1.8227672622562207e-07,1.0,1.0,30.412079166217428
10700,9.842466071526955e-08,1.822357456089671e-07,1.0,1.0,30.40622403227736
10800,9.839133640032508e-08,1.8213729748611248e-07,1.0,1.0,30.401118936754866
10900,9.835989006815299e-08,1.8204044560378812e-07,1.0,1.0,30.396625363761785
11000,9.83284346007539e-08,1.8194220311357216e-07,1.0,1.0,30.392652329561866
11100,9.829639797484483e-08,1.8186804549743956e-07,1.0,1.0,30.38910562258058
11200,9.826551241151935e-08,1.8181851981329565e-07,1.0,1.0,30.385910991497948
11300,9.823972677948403e-08,1.817522114401828e-07,1.0,1.0,30.383007308906887
11400,9.821001133240906e-08,1.8170830183150086e-07,1.0,1.0,30.380375106108545
11500,9.817910367218324e-08,1.8166437814719532e-07,1.0,1.0,30.377979530564794
11600,9.81532615040898e-08,1.8167230039747618e-07,1.0,1.0,30.375755539308486
11700,9.812746313620608e-08,1.816490700833989e-07,1.0,1.0,30.373704572959397
11800,9.809882243134981e-08,1.816078464393366e-07,1.0,1.0,30.37180546336181
11900,9.807285348129638e-08,1.8161220375521078e-07,1.0,1.0,30.370029432627934
12000,9.804853210309745e-08,1.8162069454012433e-07,1.0,1.0,30.368358148553387
12100,9.802444092128863e-08,1.816418400493331e-07,1.0,1.0,30.366784769694934
12200,9.80005391535717e-08,1.816712194806013e-07,1.0,1.0,30.36529066759098
12300,9.797782660654436e-08,1.816093367965102e-07,1.0,1.0,30.3638655737774
12400,9.795348284084633e-08,1.8158840652671782e-07,1.0,1.0,30.362512856474023
12500,9.793137585608425e-08,1.8156284981505388e-07,1.0,1.0,30.361213427881896
12600,9.790952828050191e-08,1.815490097365648e-07,1.0,1.0,30.359968437384147
12700,9.788834859601548e-08,1.815394430148946e-07,1.0,1.0,30.358776311107352
12800,9.786717330351057e-08,1.8153788301718192e-07,1.0,1.0,30.35762463282634
12900,9.784671634406852e-08,1.8153600022300436e-07,1.0,1.0,30.35651095421532
13000,9.782529109202903e-08,1.8153041544326625e-07,1.0,1.0,30.355434546557717
13100,9.780422511159948e-08,1.8148667284525552e-07,1.0,1.0,30.35439414515449
13200,9.778168852379585e-08,1.814359595989204e-07,1.0,1.0,30.353381918849326
13300,9.776111926746744e-08,1.8138360169159715e-07,1.0,1.0,30.352385129360563
13400,9.774308573049133e-08,1.8133754233213148e-07,1.0,1.0,30.351413738565835
13500,9.772006549972199e-08,1.8130214210847496e-07,1.0,1.0,30.350485510094945
13600,9.770028607462105e-08,1.812752554480308e-07,1.0,1.0,30.349575346293946
13700,9.768352066029456e-08,1.813194110887949e-07,1.0,1.0,30.348678721710314
13800,9.766596217235957e-08,1.8130764796175786e-07,1.0,1.0,30.347815192888387
13900,9.76476598243472e-08,1.8128052961502896e-07,1.0,1.0,30.346977033250557
14000,9.763006368871906e-08,1.81244531454651e-07,1.0,1.0,30.34615388322051
14100,9.761287769762657e-08,1.812328620250398e-07,1.0,1.0,30.34535101593778
14200,9.75935201025284e-08,1.8119662590143914e-07,1.0,1.0,30.344568721668615
14300,9.757739692044848e-08,1.8116950432526491e-07,1.0,1.0,30.343794005689038
14400,9.755877697765337e-08,1.811604825558395e-07,1.0,1.0,30.343037248088294
14500,9.754261136907423e-08,1.8114317665375255e-07,1.0,1.0,30.34228912800464
14600,9.752607784733974e-08,1.8113898267826047e-07,1.0,1.0,30.341564568579656
14700,9.75066829918198e-08,1.8113297602960963e-07,1.0,1.0,30.340859423305766
14800,9.749294077851315e-08,1.811248538803873e-07,1.0,1.0,30.3401491530945
14900,9.747497183879954e-08,1.8114165906005575e-07,1.0,1.0,30.339465817128797
15000,9.745822671662121e-08,1.8118599206463432e-07,1.0,1.0,30.338780117654352
15100,9.744152494059953e-08,1.8127654233244793e-07,1.0,1.0,30.3381039800482
15200,9.742609712353796e-08,1.8133510901257918e-07,1.0,1.0,30.337434160720946
15300,9.741227301518672e-08,1.8142471306180142e-07,1.0,1.0,30.336754562549167
15400,9.739606837092583e-08,1.815489828625581e-07,1.0,1.0,30.336065095572454
15500,9.738197378674921e-08,1.8161526299200298e-07,1.0,1.0,30.33541622025217
15600,9.736740893621953e-08,1.815972724411281e-07,1.0,1.0,30.334796200893198
15700,9.735347969789453e-08,1.815906893522709e-07,1.0,1.0,30.334187642292726
15800,9.733975336439807e-08,1.8159791268883867e-07,1.0,1.0,30.333599095169543
15900,9.732576162214908e-08,1.816060619299703e-07,1.0,1.0,30.333023210346767
16000,9.731153893704246e-08,1.8163444175519778e-07,1.0,1.0,30.33244825804876
16100,9.729633318318938e-08,1.8161192264262058e-07,1.0,1.0,30.331885903827608
16200,9.728234040514372e-08,1.8160152812086853e-07,1.0,1.0,30.33133304012716
16300,9.726846377690765e-08,1.8159641430478172e-07,1.0,1.0,30.330794369774797
16400,9.725535023691656e-08,1.8160073617016694e-07,1.0,1.0,30.330262622691947
16500,9.724336902202955e-08,1.8155730788820792e-07,1.0,1.0,30.329736327125772
16600,9.723198902386828e-08,1.8150867586416628e-07,1.0,1.0,30.32922494874981
16700,9.721819299952724e-08,1.8147958625037078e-07,1.0,1.0,30.32873271327701
16800,9.720613536285277e-08,1.814695290087789e-07,1.0,1.0,30.32824359366603
16900,9.71946813217221e-08,1.8143901386790544e-07,1.0,1.0,30.327764689392822
17000,9.718115153589249e-08,1.8145115063715567e-07,1.0,1.0,30.327297118150792
17100,9.716837745619627e-08,1.8144061719269388e-07,1.0,1.0,30.326834949060927
17200,9.715826970893144e-08,1.8143184482072487e-07,1.0,1.0,30.326374350413257
17300,9.714630195455245e-08,1.8141454894221662e-07,1.0,1.0,30.32592515976967
17400,9.713398437787848e-08,1.8138708243294209e-07,1.0,1.0,30.325485686101697
17500,9.712143553129358e-08,1.8140318696899355e-07,1.0,1.0,30.325054828539518
17600,9.711057382571988e-08,1.814037834776003e-07,1.0,1.0,30.324621259741576
17700,9.709935922962909e-08,1.813893365179619e-07,1.0,1.0,30.32419718008621
17800,9.70874561416096e-08,1.813719420141033e-07,1.0,1.0,30.32378216003387
17900,9.707801789788499e-08,1.8134746963889466e-07,1.0,1.0,30.323363345929085
18000,9.706841745162687e-08,1.813090157092928e-07,1.0,1.0,30.32295496431601
18100,9.705878035684421e-08,1.812843394948314e-07,1.0,1.0,30.32255353062435
18200,9.704816385189761e-08,1.8127168110777837e-07,1.0,1.0,30.32216109825528
18300,9.703835922541604e-08,1.812347344292464e-07,1.0,1.0,30.321776491683277
18400,9.702583159878998e-08,1.8122212097278488e-07,1.0,1.0,30.321400933297955
18500,9.701663304323617e-08,1.8124028385902838e-07,1.0,1.0,30.321021944373364
18600,9.700548851717329e-08,1.812260260425392e-07,1.0,1.0,30.320649243301933
18700,9.699576622825074e-08,1.8120965711254873e-07,1.0,1.0,30.320282255214135
18800,9.698495182557257e-08,1.8117487678617964e-07,1.0,1.0,30.319927227350377
18900,9.697639440247993e-08,1.8114844503619428e-07,1.0,1.0,30.319579127445014
19000,9.696690134945552e-08,1.811281047216501e-07,1.0,1.0,30.319237244980627
19100,9.69566054298226e-08,1.8109402298238034e-07,1.0,1.0,30.31890162474253
19200,9.694640159622681e-08,1.810836266172637e-07,1.0,1.0,30.318574250912082
19300,9.693685014472167e-08,1.8110486566992542e-07,1.0,1.0,30.318245840942556
19400,9.692875214506533e-08,1.811298006572541e-07,1.0,1.0,30.317923466725965
19500,9.691939819415535e-08,1.811053555855907e-07,1.0,1.0,30.317604240201014
19600,9.69089280572848e-08,1.8107788785414108e-07,1.0,1.0,30.31729008449219
19700,9.689851324103934e-08,1.8106553765069098e-07,1.0,1.0,30.316981524489336
19800,9.689023069346216e-08,1.8111769462713816e-07,1.0,1.0,30.316668161907494
19900,9.688228704399233e-08,1.811470444554037e-07,1.0,1.0,30.31635950052641
20000,9.68747243107335e-08,1.811865553182058e-07,1.0,1.0,30.316055352406877
20100,9.686590519587061e-08,1.8119710817246737e-07,1.0,1.0,30.3157546532254
20200,9.685781539480757e-08,1.8123368258460375e-07,1.0,1.0,30.315459869857616
20300,9.685114545936804e-08,1.8125243395976972e-07,1.0,1.0,30.315166714242327
20400,9.684255891954364e-08,1.8124438452251426e-07,1.0,1.0,30.3148750256881
20500,9.683469976972773e-08,1.8122487200151965e-07,1.0,1.0,30.314584473119275
20600,9.682595614450654e-08,1.8122395230280768e-07,1.0,1.0,30.314295372754078
20700,9.681888684183473e-08,1.8124768476456286e-07,1.0,1.0,30.31400624942039
20800,9.681054428350545e-08,1.812813659387481e-07,1.0,1.0,30.313719263858072
20900,9.680253079167412e-08,1.8129601675644927e-07,1.0,1.0,30.31343624561003
21000,9.679511790393452e-08,1.8130453032232088e-07,1.0,1.0,30.313165632799777
21100,9.678609209417171e-08,1.813189429958557e-07,1.0,1.0,30.31290094823359
21200,9.677934144003398e-08,1.8133079520141175e-07,1.0,1.0,30.31263054821948
21300,9.67715261194931e-08,1.8134936522638326e-07,1.0,1.0,30.31235790571143
21400,9.676359544928055e-08,1.813554557715449e-07,1.0,1.0,30.312088731822005
21500,9.675567212260868e-08,1.8136053536089256e-07,1.0,1.0,30.3118208769171
21600,9.674940092081146e-08,1.8135605461556032e-07,1.0,1.0,30.3115585531473
21700,9.674298950018514e-08,1.813703904780532e-07,1.0,1.0,30.311306289249316
21800,9.673574864417901e-08,1.8137889281294255e-07,1.0,1.0,30.31105991038349
21900,9.672803523037271e-08,1.8140581094262115e-07,1.0,1.0,30.31081058588947
22000,9.672032686894139e-08,1.814122743243495e-07,1.0,1.0,30.310552457738144
22100,9.671329945454308e-08,1.8142868864616523e-07,1.0,1.0,30.310296613480077
22200,9.670631127935504e-08,1.8143220086718713e-07,1.0,1.0,30.31004473534603
22300,9.669937275073473e-08,1.8146248884799042e-07,1.0,1.0,30.309792133442343
22400,9.66927025124056e-08,1.8150372709093605e-07,1.0,1.0,30.309545505224893
22500,9.668344799310194e-08,1.8153017830206425e-07,1.0,1.0,30.309304489785365
22600,9.667598259620198e-08,1.81602093588918e-07,1.0,1.0,30.309041986203262
22700,9.667089525408043e-08,1.8166610059006726e-07,1.0,1.0,30.30879931510827
22800,9.666430734215978e-08,1.8167462149195848e-07,1.0,1.0,30.30858001623973
22900,9.665895675405978e-08,1.8168935891940636e-07,1.0,1.0,30.308363095011998
23000,9.665157826752388e-08,1.816883302277432e-07,1.0,1.0,30.308152086518774
23100,9.664480874116006e-08,1.8170231187710027e-07,1.0,1.0,30.307940227436156
23200,9.663967343676635e-08,1.8172893571393533e-07,1.0,1.0,30.307728197833104
23300,9.66337479109182e-08,1.8175909708719232e-07,1.0,1.0,30.30752627691496
23400,9.662817127500278e-08,1.817806680300105e-07,1.0,1.0,30.307325574830685
23500,9.662224498024022e-08,1.8178767488314206e-07,1.0,1.0,30.307128634379925
23600,9.661528171594455e-08,1.8179695028584292e-07,1.0,1.0,30.306935023351137
23700,9.660953162524865e-08,1.8180931128926096e-07,1.0,1.0,30.306735977019233
23800,9.660367227641079e-08,1.8183604294621347e-07,1.0,1.0,30.306536867604173
23900,9.659759914699057e-08,1.81828908107011e-07,1.0,1.0,30.306341894802493
24000,9.659152789627598e-08,1.8184907038281984e-07,1.0,1.0,30.306144658941626
24100,9.658586947603666e-08,1.8191353497622326e-07,1.0,1.0,30.30593703329803
24200,9.658036680234076e-08,1.819744287908653e-07,1.0,1.0,30.305732468902185
24300,9.657458662602224e-08,1.820532082081711e-07,1.0,1.0,30.305535118418064
24400,9.656884763672607e-08,1.8214530797462488e-07,1.0,1.0,30.305337549495516
24500,9.656145476732508e-08,1.822552374780872e-07,1.0,1.0,30.30512942319663
24600,9.655562235999763e-08,1.8233642338487504e-07,1.0,1.0,30.304926316671384
24700,9.655002277202328e-08,1.823888818301025e-07,1.0,1.0,30.30473095005285
24800,9.654551427338552e-08,1.8241778816669702e-07,1.0,1.0,30.304540356262113
24900,9.654077477644766e-08,1.8245662648867006e-07,1.0,1.0,30.30435076190369
25000,9.653482864775783e-08,1.8249123006525378e-07,1.0,1.0,30.304162755713516
25100,9.652946153257804e-08,1.8251652932820685e-07,1.0,1.0,30.303975325472145
25200,9.652315941237494e-08,1.8255914333302686e-07,1.0,1.0,30.303780026067383
25300,9.651789340435149e-08,1.8259746068012265e-07,1.0,1.0,30.30358012787301
25400,9.651349234484199e-08,1.826314285072726e-07,1.0,1.0,30.303374928404782
25500,9.650723507489117e-08,1.8266418044283782e-07,1.0,1.0,30.30316345407328
25600,9.650117584991347e-08,1.827067160470781e-07,1.0,1.0,30.30294014708722
25700,9.649385284703885e-08,1.827535401265237e-07,1.0,1.0,30.302698592661528
25800,9.648644347331807e-08,1.8276874744210725e-07,1.0,1.0,30.3024241576004
25900,9.647659824628263e-08,1.8280095116973223e-07,1.0,1.0,30.302096361620094
26000,9.646300438140924e-08,1.8282116771688873e-07,1.0,1.0,30.30168606967791
26100,9.644371215442575e-08,1.8287026169050922e-07,1.0,1.0,30.301126112341567
26200,9.641429622014586e-08,1.8294211482336464e-07,1.0,1.0,30.300312571190407
26300,9.637334307745793e-08,1.830095460331074e-07,1.0,1.0,30.299086886291292
26400,9.632140422922455e-08,1.831075794578783e-07,1.0,1.0,30.2972210863211
26500,9.626581216691016e-08,1.8327295903249807e-07,1.0,1.0,30.29454554386554
26600,9.621531999998331e-08,1.835506052950938e-07,1.0,1.0,30.29102824509557
26700,9.61829388539381e-08,1.8393779882180073e-07,1.0,1.0,30.286819361269792
26800,9.615789826946174e-08,1.8434172011451588e-07,1.0,1.0,30.28217726059111
26900,9.613992305201832e-08,1.8478762898859232e-07,1.0,1.0,30.277307866344472
27000,9.61292776699332e-08,1.8526444231608143e-07,1.0,1.0,30.272394974869602
27100,9.6120449000173e-08,1.857355563176849e-07,1.0,1.0,30.267557678078695
27200,9.611441727628791e-08,1.8626445961940807e-07,1.0,1.0,30.262858605676236
27300,9.610740174733872e-08,1.8680344177131317e-07,1.0,1.0,30.258328362911087
27400,9.609936483424556e-08,1.872926178736805e-07,1.0,1.0,30.254011933649647
27500,9.608950483839263e-08,1.877717989625353e-07,1.0,1.0,30.249922829533663
27600,9.607639898053883e-08,1.8822061976601353e-07,1.0,1.0,30.246030424207685
27700,9.606421129170603e-08,1.8868904502985228e-07,1.0,1.0,30.242309448375646
27800,9.604674551357564e-08,1.8916790578125291e-07,1.0,1.0,30.238731125764573
27900,9.603039205380777e-08,1.8958870918811807e-07,1.0,1.0,30.23529522255303
28000,9.601153038496146e-08,1.899484833641936e-07,1.0,1.0,30.231997673235682
28100,9.59892771294917e-08,1.9035439221546247e-07,1.0,1.0,30.22883364769272
28200,9.596672823139977e-08,1.9071338692986329e-07,1.0,1.0,30.225786339128476
28300,9.594226945490247e-08,1.9104565433366072e-07,1.0,1.0,30.222843452169126
28400,9.591621625762054e-08,1.9135583696259897e-07,1.0,1.0,30.2199998904246
28500,9.58899739045171e-08,1.9159600325878056e-07,1.0,1.0,30.217247408233977
28600,9.586316904032088e-08,1.918514861740693e-07,1.0,1.0,30.214586442279842
28700,9.583592720743947e-08,1.9199903269474742e-07,1.0,1.0,30.212012047114637
28800,9.581237665332568e-08,1.9210965568329469e-07,1.0,1.0,30.209533674234972
28900,9.578884204340285e-08,1.9217862747749615e-07,1.0,1.0,30.20716907572769
29000,9.576798250693671e-08,1.921616442154223e-07,1.0,1.0,30.204934770284403
29100,9.574586582506658e-08,1.9227635775325805e-07,1.0,1.0,30.202801695310356
29200,9.572588933309678e-08,1.9237877392216588e-07,1.0,1.0,30.200823347281855
29300,9.571164899623408e-08,1.92060370085037e-07,1.0,1.0,30.1989785883318
29400,9.570027641922224e-08,1.9216960285357672e-07,1.0,1.0,30.197278421456247
29500,9.570969831500835e-08,1.9245029827864647e-07,1.0,1.0,30.19573453463749
29600,9.569319476885445e-08,1.9182227721594092e-07,1.0,1.0,30.194416212821125
29700,9.569538155072464e-08,1.9251166469284552e-07,1.0,1.0,30.193229717557976
29800,9.575088279896301e-08,1.913330996925744e-07,1.0,1.0,30.192263774274625
29900,9.575007164960926e-08,1.928978775725306e-07,1.0,1.0,30.19136711589876
30000,9.563305370797775e-08,1.91722965950402e-07,1.0,1.0,30.190586374060352
30100,9.567524625299966e-08,1.9196732872687808e-07,1.0,1.0,30.189841472392956
30200,9.562345888704587e-08,1.9171681115326796e-07,1.0,1.0,30.18931620244459
30300,9.561480844047087e-08,1.916083918088821e-07,1.0,1.0,30.188762183803426
30400,9.563046168159424e-08,1.9186613726199846e-07,1.0,1.0,30.188239484108855
30500,9.564972216817174e-08,1.9204407577209203e-07,1.0,1.0,30.187790201029106
30600,9.568719316496789e-08,1.9248621696080663e-07,1.0,1.0,30.187527653360874
30700,9.570216017021164e-08,1.925238289680985e-07,1.0,1.0,30.187182931521097
30800,9.564803329325986e-08,1.9083055265501726e-07,1.0,1.0,30.18692458608413
30900,9.566936524811146e-08,1.9198248612557676e-07,1.0,1.0,30.18659509200428
31000,9.558704788760447e-08,1.9124307720873388e-07,1.0,1.0,30.186413002870466
31100,9.57401724598559e-08,1.930159152462725e-07,1.0,1.0,30.186047496547438
31200,9.557194985434728e-08,1.9155864304922628e-07,1.0,1.0,30.18574254470865
31300,9.553995949968699e-08,1.9151981674272384e-07,1.0,1.0,30.185494673252865
31400,9.555958991409949e-08,1.9189630245670079e-07,1.0,1.0,30.185100949921527
31500,9.558027961429879e-08,1.912808915399078e-07,1.0,1.0,30.18484732425677
31600,9.558998943540586e-08,1.9131977546620638e-07,1.0,1.0,30.1844605681779
31700,9.560311643962533e-08,1.9228905062448775e-07,1.0,1.0,30.18407881024917
31800,9.559328119167877e-08,1.9117235574447695e-07,1.0,1.0,30.184169854734826
31900,9.554083848881929e-08,1.923511390200014e-07,1.0,1.0,30.18376757774792
32000,9.555824658799985e-08,1.9162530748708786e-07,1.0,1.0,30.18342021512735
32100,9.555988182569044e-08,1.9257370386706588e-07,1.0,1.0,30.18368637563141
32200,9.556853412160981e-08,1.9169437399485584e-07,1.0,1.0,30.183155914847056
32300,9.550408569951141e-08,1.9239423470152584e-07,1.0,1.0,30.183127407385268
32400,9.565768542564282e-08,1.9151603671500076e-07,1.0,1.0,30.182711141237426
32500,9.547118891823454e-08,1.919810781180542e-07,1.0,1.0,30.1825815838412
32600,9.550438991587363e-08,1.9177350932643715e-07,1.0,1.0,30.182143509195743
32700,9.554837686550287e-08,1.9198056239167267e-07,1.0,1.0,30.181544900552115
32800,9.583211675674517e-08,1.914997784766612e-07,1.0,1.0,30.181233927681244
32900,9.545485694091618e-08,1.9240923091432064e-07,1.0,1.0,30.18100701766195
33000,9.548495260363367e-08,1.9205198633392e-07,1.0,1.0,30.180917559016564
33100,9.544331161336956e-08,1.9226340187990072e-07,1.0,1.0,30.180605042639858
33200,9.54689048550578e-08,1.9220951512328267e-07,1.0,1.0,30.18027007574563
33300,9.552271869288646e-08,1.930966317066824e-07,1.0,1.0,30.179755060027553
33400,9.579614290274374e-08,1.9182345108880278e-07,1.0,1.0,30.179301073652475
33500,9.54397213301308e-08,1.928017137893951e-07,1.0,1.0,30.178814859957026
33600,9.548810460060367e-08,1.934479537106404e-07,1.0,1.0,30.178502576162607
33700,9.546320746180465e-08,1.9289511898154642e-07,1.0,1.0,30.17812074316791
33800,9.559951945075074e-08,1.920851950571466e-07,1.0,1.0,30.178059134138607
33900,9.550607532009852e-08,1.9225957210230015e-07,1.0,1.0,30.1777672640401
34000,9.542157493820087e-08,1.9268669664221362e-07,1.0,1.0,30.17729785542258
34100,9.549839667451478e-08,1.9244519031926538e-07,1.0,1.0,30.176771146844203
34200,9.554571403491587e-08,1.9330552607520332e-07,1.0,1.0,30.176527208453148
34300,9.552269674671444e-08,1.923211157432627e-07,1.0,1.0,30.176406505880742
34400,9.549090387794241e-08,1.9281167254265822e-07,1.0,1.0,30.176067061741648
34500,9.54319041051935e-08,1.9331520171813412e-07,1.0,1.0,30.175659309283823
34600,9.546871883583831e-08,1.9275843476466066e-07,1.0,1.0,30.175152541918845
34700,9.548133396032838e-08,1.9380132182855456e-07,1.0,1.0,30.17473763274177
34800,9.545973150685931e-08,1.9268524342763302e-07,1.0,1.0,30.174363989310788
34900,9.538192851292178e-08,1.9321456316763357e-07,1.0,1.0,30.174009418740656
35000,9.546568804920054e-08,1.9369136863016149e-07,1.0,1.0,30.173531688011504
35100,9.547559660951394e-08,1.942737351005524e-07,1.0,1.0,30.17333592784623
35200,9.545992106287753e-08,1.945067553145417e-07,1.0,1.0,30.17321857836618
35300,9.540816237880492e-08,1.9372397221783387e-07,1.0,1.0,30.17290334959968
35400,9.540995288027996e-08,1.9411508634801228e-07,1.0,1.0,30.172446372094686
35500,9.543895054063224e-08,1.9381388363631528e-07,1.0,1.0,30.172068230245277
35600,9.559761452572193e-08,1.9530750126176874e-07,1.0,1.0,30.171735963456708
35700,9.548579648045572e-08,1.9476024543792558e-07,1.0,1.0,30.171428168454444
35800,9.547619499477355e-08,1.9351124202921805e-07,1.0,1.0,30.17105567974352
35900,9.540299323226263e-08,1.9442859882250973e-07,1.0,1.0,30.170919285045997
36000,9.539457145752201e-08,1.934898841802297e-07,1.0,1.0,30.170410340381313
36100,9.537690365444182e-08,1.9351972185391154e-07,1.0,1.0,30.170322998209322
36200,9.542606933708655e-08,1.9472134942502282e-07,1.0,1.0,30.169889020366305
36300,9.538493438430056e-08,1.9348065054191012e-07,1.0,1.0,30.169552174324703
36400,9.537049402144321e-08,1.944821342410777e-07,1.0,1.0,30.16910756528565
36500,9.540011892397565e-08,1.944153652128015e-07,1.0,1.0,30.16879450357719
36600,9.537610402835799e-08,1.9399362790400577e-07,1.0,1.0,30.168536537958964
36700,9.53628667681029e-08,1.9374555087988975e-07,1.0,1.0,30.168329952324108
36800,9.542347264712125e-08,1.9509704317411333e-07,1.0,1.0,30.168113527540946
36900,9.53920808907749e-08,1.9507040066849434e-07,1.0,1.0,30.16786765453456
37000,9.541629884027447e-08,1.9393358745199876e-07,1.0,1.0,30.167366424416095
37100,9.534266388465789e-08,1.9476138104738145e-07,1.0,1.0,30.16717662898252
37200,9.543032651278017e-08,1.9371392513379762e-07,1.0,1.0,30.1669394396492
37300,9.564078498212885e-08,1.965645768246337e-07,1.0,1.0,30.166591243066932
37400,9.539704422110619e-08,1.9530289159818042e-07,1.0,1.0,30.166237964442242
37500,9.575522671890954e-08,1.9728872395334542e-07,1.0,1.0,30.165960376629354
37600,9.533239586208659e-08,1.9488678205662205e-07,1.0,1.0,30.165668055810823
37700,9.56792131921223e-08,1.9384520379619395e-07,1.0,1.0,30.165368147666936
37800,9.539844552004466e-08,1.9561280123480924e-07,1.0,1.0,30.165090733996568
37900,9.535988624111019e-08,1.9544885311122891e-07,1.0,1.0,30.164888620056836
38000,9.526678833027503e-08,1.949138421859217e-07,1.0,1.0,30.164785071490247
38100,9.547134341282654e-08,1.9617380226125941e-07,1.0,1.0,30.164368358211913
38200,9.569545781312544e-08,1.940531845804477e-07,1.0,1.0,30.16405637649946
38300,9.54547726495316e-08,1.945824739074348e-07,1.0,1.0,30.163786104729784
38400,9.531954053116393e-08,1.9410305140523877e-07,1.0,1.0,30.164164056975714
38500,9.559899135003332e-08,1.9701018312612817e-07,1.0,1.0,30.16384604331537
38600,9.546186763752807e-08,1.9418606592401184e-07,1.0,1.0,30.163485699562596
38700,9.535360286878942e-08,1.9565949939349662e-07,1.0,1.0,30.163125035000085
38800,9.536552743448354e-08,1.95055281992279e-07,1.0,1.0,30.1628853269416
38900,9.528944318389705e-08,1.947510007622154e-07,1.0,1.0,30.162879222633748
39000,9.533288942359053e-08,1.9454135535426048e-07,1.0,1.0,30.162596898485884
39100,9.531229744779112e-08,1.9463996983020383e-07,1.0,1.0,30.16238641591134
39200,9.543660585577517e-08,1.9660101264844014e-07,1.0,1.0,30.162232618458862
39300,9.534353374076771e-08,1.9449665736447812e-07,1.0,1.0,30.16202735635498
39400,9.529244410365768e-08,1.9481730811664564e-07,1.0,1.0,30.16172095993236
39500,9.580195201333392e-08,1.9444162614508346e-07,1.0,1.0,30.1614386732121
39600,9.534948304483391e-08,1.9512641798809408e-07,1.0,1.0,30.16121948588276
39700,9.529863587552773e-08,1.9470169049038007e-07,1.0,1.0,30.161335622909235
39800,9.548330506780998e-08,1.969816976396947e-07,1.0,1.0,30.16093345737867
39900,9.531305397512653e-08,1.96018176932813e-07,1.0,1.0,30.1607413981894
40000,9.524473984466956e-08,1.9536975838016713e-07,1.0,1.0,30.160570520375714
